id,nom,tipus_alberich,nivell,esfera,ambit,zona_barri,cobertura,adreca,web_contacte_public,rol_potencial,font_url,data_font,estat_verificacio,nota,lat,lon,precisio_geo,cap_proximitat,vistes,claus_fonts
P01,Ajuntament de Salt – Alcaldia i Ple municipal,triangle,polític,Politicoinstitucional,govern local,Centre,municipal,"Pl. del President Lluís Companys, 1",viladesalt.cat,"Decisió política, finançament de programes comunitaris, convocatòria de taules; aliat imprescindible per a qualsevol acció de carrer",https://www.viladesalt.cat/ajuntament/servei-datencio-a-la-ciutadania/adreces-i-telefons-dinteres/,consulta 2026-10-06,verificat,,41.9747074,2.792583,portal/edifici (Nominatim),Salt 1 (més proper; 24 m),GSCE,AJ_ADR
P02,Generalitat – Departament de Salut,triangle,polític,Politicoinstitucional,salut,-,supramunicipal,-,salut.gencat.cat,"Marco CSIR, Pla de Salut, estratègia de salut comunitària (COMSalut/APiC)",https://www.diaridegirona.cat/girona/2025/03/22/l-atencio-primaria-salt-inicia-115560547.html,2025-03-22,verificat,,,,,n/a (servei municipal/supramunicipal o sense adreça pública),GS,DDG_AUTON
P03,CatSalut – Regió Sanitària Girona,triangle,polític,Politicoinstitucional,salut,-,supramunicipal,Girona,catsalut.gencat.cat,Planificació i compra de serveis; gerència impulsa el model CSIR a Salt,https://www.diaridegirona.cat/girona/2025/07/09/salt-lidera-transformacio-sistema-sanitari-119520615.html,2025-07-09,verificat,,,,,n/a (servei municipal/supramunicipal o sense adreça pública),GS,DDG_CSIR
P04,ICS Girona – Gerència d'Atenció Primària,triangle,polític,Politicoinstitucional,salut,-,supramunicipal,Girona,icsgirona.cat,Proveïdor titular de l'EAP Salt; aval institucional i recursos,https://www.diaridegirona.cat/girona/2025/07/09/salt-lidera-transformacio-sistema-sanitari-119520615.html,2025-07-09,verificat,,,,,n/a (servei municipal/supramunicipal o sense adreça pública),GS,DDG_CSIR
P05,Agència de Salut Pública de Catalunya (ASPCAT) – Servei Regional Girona,triangle,polític,Politicoinstitucional,salut pública,-,supramunicipal,Girona,salutpublica.gencat.cat,Vigilància i promoció de salut; sòcia de COMSalut Salt (2017); mapa d'actius 'Aquí sí. Actius i salut'; figurava al sociograma 2021,Foto sociograma CAP Salt 2021 (adjunt de l'usuari) | https://govern.cat/gov/notes-premsa/300120/salt-desplega-el-projecte-comsalut-amb-la-participacio-de-diversos-collectius-socials-de-la-vila | https://salutpublica.gencat.cat/ca/agencia/plans-estrategics/pinsap/accions-eines-projectes-relacionats/actius-salut/,2021 | 2017 | consulta 2026-10-06,verificat,Rol actual a Salt (2026) a validar,,,,n/a (servei municipal/supramunicipal o sense adreça pública),GS,FOTO2021;COMSALUT;ACTIUS
P06,Dipsalut – Organisme de Salut Pública de la Diputació de Girona,triangle,polític,Politicoinstitucional,salut pública,-,supramunicipal,Girona,dipsalut.cat,"Finança i desplega 'Sigues tu', SAFIS, subvenciona 'Casal Adolescents de Salt'; possible finançador d'accions comunitàries",https://educacio.viladesalt.cat/sigues-tu/ | https://www.casaldelsinfants.org/actualitat/casaladolescentssalt-2025/ | https://www.viladesalt.cat/arees-serveis/area-de-serveis-a-les-persones/salut/,consulta 2026-10-06 | 2025-08-05 | consulta 2026-10-06,verificat,,,,,n/a (servei municipal/supramunicipal o sense adreça pública),GSCE,SIGUES;CASAL_ADOL;SALUT_AJ
P07,Diputació de Girona,triangle,polític,Politicoinstitucional,govern supramunicipal,-,supramunicipal,Girona,ddgi.cat,Suport econòmic a Consells de Barri; titular de Les Bernardes Espai de Cultura Contemporània,https://www.viladesalt.cat/participacio/consells-de-barri/ | https://educacio.viladesalt.cat/wp-content/uploads/2023/11/AF-GuiaRecursos-Definitiubo.pdf,consulta 2026-10-06 (dades 2022) | 2023-11-22,verificat,,,,,n/a (servei municipal/supramunicipal o sense adreça pública),GC,CONSELLS;GUIA
P08,Generalitat – Departament d'Educació i FP (Serveis Territorials Girona),triangle,polític,Politicoinstitucional,educatiu,-,supramunicipal,Girona,educacio.gencat.cat,"Titular de centres públics, Pla Educatiu d'Entorn, Pacti contra la segregació, #aquiproubullying",https://educacio.viladesalt.cat/wp-content/uploads/2026/02/Sessio-tancament-PES-19-25.pdf | https://www.diaridegirona.cat/girona/2025/03/17/salt-porta-ple-pacte-ciutat-115392372.html,2026-02 | 2025-03-17,verificat,,,,,n/a (servei municipal/supramunicipal o sense adreça pública),GE,PES_TANC;PACTE
P09,Generalitat – Departament de Drets Socials i Inclusió,triangle,polític,Politicoinstitucional,social,-,supramunicipal,-,dretssocials.gencat.cat,Titular del Casal Cívic i Comunitari Les Bernardes; finança Envelliment Km 0 (NextGen),https://www.cbs.cat/envelliment-quilometre-zero/ | https://www.viladesalt.cat/faq-items/equipaments-per-a-la-gent-gran/,consulta 2026-10-06 | consulta 2026-10-06,verificat,,,,,n/a (servei municipal/supramunicipal o sense adreça pública),GC,CBS_KM0;GG
P10,Generalitat – Pla de Barris i Viles (Dept. Territori),triangle,polític,Politicoinstitucional,urbanisme/comunitari,Centre + Veïnat,supramunicipal,-,territori.gencat.cat,"Salt ha presentat projecte (25 M€, 47 actuacions 2027-2031; 22 sociocomunitarias) – resolució pendent",https://www.infosalt.cat/salt-presenta-el-projecte-del-pla-de-barris-per-transformar-el-sector-centre-i-el-veinat-amb-una-inversio-de-fins-a-25-milions-deuros/ | https://www.diaridegirona.cat/girona/2026/07/20/salt-presenta-ambiciosa-proposta-pla-132628497.html | https://www.lavanguardia.com/local/catalunya/catalunya-avanca/20260921/11637218/govern-cierra-segunda-convocatoria-plan-barrios-propuestas-117-municipios.html | https://www.europapress.es/catalunya/noticia-abierto-plazo-ii-convocatoria-pla-barris-presupuesto-200-millones-20260706115906.html,2026 (convocatòria juliol 2026) | consulta 2026-10-07 | consulta 2026-10-07 | consulta 2026-10-07,verificat,Resolució de la 2a convocatòria prevista per a oct-2026 · Salt ha presentat candidatura a la 2a convocatòria del Programa de Barris i Viles 2025-2029 (sector Centre i Veïnat; 47 actuacions 2027-2031; fins a 25 M€). Resolució provisional prevista finals oct./inicis nov. 2026; llista definitiva inicis 2027 · Convocatòria oberta 6-17/07/2026; límit 25 M€ per municipis >20.000 hab.,,,,n/a (servei municipal/supramunicipal o sense adreça pública),GC,PLABARRIS;AP26_03;AP26_04;AP26_05
P11,Consorci de Benestar Social Gironès-Salt (CBSGS),triangle,polític,Politicoinstitucional,social,-,supramunicipal,C/ Riera de Mus 1A (Girona); Salt: Àngel Guimerà 106-108,cbs.cat,"Gestiona els Serveis Socials de Salt, SIAD, SAI, SIE, Envelliment Km 0, CDA",https://www.cbs.cat/envelliment-quilometre-zero/ | https://www.cbs.cat/centre-de-distribucio-daliments-salt/ | https://www.viladesalt.cat/ajuntament/servei-datencio-a-la-ciutadania/adreces-i-telefons-dinteres/,consulta 2026-10-06 | consulta 2026-10-06 | consulta 2026-10-06,verificat,,,,,n/a (servei municipal/supramunicipal o sense adreça pública),GSCE,CBS_KM0;CBS_CDA;AJ_ADR
P12,Consell Comarcal del Gironès,triangle,polític,Politicoinstitucional,govern comarcal,-,supramunicipal,"C/ Riera de Mus, 1A, 17003 Girona",girones.cat · info@girones.cat,"Menjador escolar (Espai Migdia), beques; Casa de Cultura Les Bernardes (correu @girones.cat)",https://educacio.viladesalt.cat/wp-content/uploads/2026/02/Sessio-tancament-PES-19-25.pdf | https://www.viladesalt.cat/ajuntament/servei-datencio-a-la-ciutadania/adreces-i-telefons-dinteres/ | https://www.girones.cat/ | https://eines.icgc.cat/geocodificador/cerca?text=Riera+de+Mus+1%2C+Girona&size=1,2026-02 | consulta 2026-10-06 | consulta 2026-10-07 | consulta 2026-10-07,verificat,,41.962994,2.8148602,portal aproximat (ICGC),n/a (seu fora del terme de Salt),GE,PES_TANC;AJ_ADR;AP26_06;AP26_88
P13,"Pacte de Ciutat per a l'Educació de Salt (aprovat el 2025, 48 accions)",triangle,polític,Politicoinstitucional,educatiu,-,municipal,-,educacio.viladesalt.cat,Marco polític contra la segregació escolar; finestra per a accions de salut escolar,https://www.diaridegirona.cat/girona/2025/03/17/salt-porta-ple-pacte-ciutat-115392372.html,2025-03-17,verificat,,,,,n/a (servei municipal/supramunicipal o sense adreça pública),GE,PACTE
P14,IAS – Institut d'Assistència Sanitària,triangle,polític,Politicoinstitucional,salut,Parc Hospitalari,supramunicipal,"C/ Dr. Castany s/n, Salt",ias.cat,"Proveïdor de salut mental, addiccions, Hospital Santa Caterina i PADES. NO gestiona l'EAP Salt (Memòria IAS 2024: la seva primària es limita a Anglès, Breda-Hostalric i Cassà); gestió compartida ICS-IAS a Girona a confirmar","http://www.ias.cat/ca/contingut/iasgirona/598 | https://www.ias.cat/ca/contingut/iasgirona/530 | https://www.ias.cat (Memòria IAS 2024, PDF en /workspace/fuentes-cache/salt/memoria_IAS_2024.pdf)",consulta 2026-10-06 | consulta 2026-10-06 | 2024,verificat,,41.969571,2.7972475,POI OSM Hospital Santa Caterina,Salt 1 (més proper; 669 m),GS,IAS_SM;IAS_PH;MEM_IAS
S01,CAP Salt 1 – Jordi Nadal i Fàbregas,rectangle,tècnic,Salut,salut,nucli urbà (zona Ajuntament; sense delimitació oficial),Salt 1,"C/ Manuel de Falla, 34-36",icsgirona.cat/ca/eap-salt,Node central de l'EAP Salt (ICS Girona): >14.000 persones adscrites segons premsa (2025); atenció continuada de cap de setmana,https://icsgirona.cat/ca/eap-salt | https://www.diaridegirona.cat/girona/2025/04/30/finalitzen-les-obres-cap-jordi-116916036.html,consulta 2026-10-06 | 2025-04-30,verificat,,41.9744843,2.7925568,portal (Nominatim),Salt 1 (seu),GSCE,ICS;DDG_CAP1
S02,CAP Salt 2 – Alfons Moré i Paretas,rectangle,tècnic,Salut,salut,nucli urbà sud-oest (al costat de l'Escola El Pla; sense delimitació oficial),Salt 2,"Pg. Marquès de Camps, 52-54",icsgirona.cat/ca/eap-salt,Node central de l'EAP Salt (ICS Girona); va rebre l'activitat del consultori de Bescanó durant obres,https://icsgirona.cat/ca/eap-salt,consulta 2026-10-06,verificat,,41.9698869,2.7865003,POI OSM 'C.A.P. Salt 2',Salt 2 (seu),GSCE,ICS
S03,EAP Salt – Direcció (centre CSIR),rectangle,tècnic,Salut,salut,-,tots dos CAP,CAP Salt 1,icsgirona.cat/ca/eap-salt,"EAP únic de l'ABS 199 Salt, gestionat per ICS Girona; 42.298 persones assignades (AQuAS 2022; ~41.500 segons web ICS; >45.000 segons premsa 2025), incl. els 4 municipis exclosos; 140 professionals; pilot CSIR des de 2025",https://icsgirona.cat/ca/eap-salt | https://aquas-gencat.shinyapps.io/salutcomunitaria/ | https://www.diaridegirona.cat/girona/2025/03/22/l-atencio-primaria-salt-inicia-115560547.html | https://www.diaridegirona.cat/girona/2025/07/09/salt-lidera-transformacio-sistema-sanitari-119520615.html | https://eines.icgc.cat/geocodificador/cerca?text=Carrer+Manuel+de+Falla+34%2C+Salt&size=1,"consulta 2026-10-06 | 3a ed. 2025, dades 2022 (export 06/10/2026) | 2025-03-22 | 2025-07-09 | consulta 2026-10-07",verificat,,41.9744843,2.7925568,edifici (heretat de S01) (ICGC),Salt 1 (més proper; 0 m),GSCE,ICS;AQUAS;DDG_AUTON;DDG_CSIR;AP26_90
S04,Comissió de Salut Comunitària de l'EAP Salt (reactivada 2025),rectangle,tècnic,Salut,salut comunitària,-,tots dos CAP,-,-,Articula la relació dels CAP Salt 1 i Salt 2 amb la comunitat; impulsa el model de taules comunitàries municipals amb lideratge compartit,"https://www.diaridegirona.cat/girona/2025/07/09/salt-lidera-transformacio-sistema-sanitari-119520615.html | https://icsgirona.cat/htrueta/es/taxonomy/term/2044 | equip EAP Salt (comunicació personal, oct. 2026) | Memòria anual Comissió Comunitària EAP Salt 2025 (ICS, document intern)",2025-07-09 | consulta 2026-10-07 | 2026-10 | 2026-01 (document intern),verificat,"Composició per perfils: referents de comunitària (MG i INF), MG, INF, TS, INF referents PSiE, UAC, PED, RBEC, D-N, Fisios APiC i Odontologia. Es reuneix mensualment (Memòria 2025, p. 2)",,,,n/a (servei municipal/supramunicipal o sense adreça pública),GSCE,DDG_CSIR;ICS_CSIR;EQUIP;MEM25
S05,Taula comunitària municipal de Salt (model descentralitzat de l'EAP),rectangle,tècnic,Salut,salut comunitària,-,municipal,-,-,"Taula municipal de salut, convocada per la tècnica de Salut de l'Ajuntament; activa el 2025 (reunió de setembre amb RBEC, Direcció ABS i referents de comunitària)","Memòria anual Comissió Comunitària EAP Salt 2025 (ICS, document intern) | https://www.diaridegirona.cat/girona/2025/07/09/salt-lidera-transformacio-sistema-sanitari-119520615.html",2026-01 (document intern) | 2025-07-09,verificat,"Memòria 2025, p. 2, 12 i 28",,,,n/a (servei municipal/supramunicipal o sense adreça pública),GSC,MEM25;DDG_CSIR
S06,Referents de Benestar Emocional i Comunitari (RBEC) EAP Salt,rectangle,tècnic,Salut,salut comunitària,-,tots dos CAP,CAP Salt 1 / Salt 2,-,"Perfil pont: grups psicoeducatius, prescripció social, vincle amb actius",https://icsgirona.cat/ca/eap-salt,consulta 2026-10-06,verificat,,,,,n/a (servei municipal/supramunicipal o sense adreça pública),GSC,ICS
S07,Treball Social Sanitari EAP Salt,rectangle,tècnic,Salut,salut/social,-,tots dos CAP,CAP Salt 1 / Salt 2,-,Puente CAP-Serveis Socials-entitats,https://icsgirona.cat/ca/eap-salt,consulta 2026-10-06,verificat,,,,,n/a (servei municipal/supramunicipal o sense adreça pública),GSC,ICS
S08,Programa Salut i Escola (infermeria referent EAP),rectangle,tècnic,Salut,salut/educatiu,-,tots dos CAP,Institutos de Salt,-,"Infermera referent en instituts (model Consulta Oberta del programa); enllaç natural amb SIAJ, Joventut, AFA",https://icsgirona.cat/ca/eap-salt,consulta 2026-10-06,verificat,Infermeres referents per institut: a validar,,,,n/a (servei municipal/supramunicipal o sense adreça pública),GSE,ICS
S09,"Pediatria i infermeria pediàtrica EAP (Nen sa, vacunes escolars, salut bucodental escoles, 'Nen@s en moviment')",rectangle,tècnic,Salut,salut/infància,-,tots dos CAP,CAP Salt 1 / Salt 2,-,Programes amb escoles; projecte CSIR de cribratge d'ambliopia a 18 mesos,https://icsgirona.cat/ca/eap-salt | https://www.diaridegirona.cat/girona/2025/07/09/salt-lidera-transformacio-sistema-sanitari-119520615.html,consulta 2026-10-06 | 2025-07-09,verificat,,,,,n/a (servei municipal/supramunicipal o sense adreça pública),GSE,ICS;DDG_CSIR
S10,"PAFES – Pla d'Activitat Física, Esport i Salut (EAP)",rectangle,tècnic,Salut,salut/esport,-,tots dos CAP,-,-,"Prescripció d'activitat física; enllaç amb SAFIS, clubs, 'Caminants la Massana'",https://icsgirona.cat/ca/eap-salt,consulta 2026-10-06,verificat,,,,,n/a (servei municipal/supramunicipal o sense adreça pública),GS,ICS
S11,Educació maternal / atenció a la salut sexual i reproductiva (llevadores EAP-ASSIR),rectangle,tècnic,Salut,salut,-,tots dos CAP,"CAP Salt 1: C/ Manuel de Falla, 34-36 · CAP Salt 2: Pg. Marquès de Camps, 52-54 (no es concreta a quin CAP)",-,Grups d'embaràs/postpart; porta d'entrada a dones migrades nouvingudes,https://icsgirona.cat/ca/eap-salt,consulta 2026-10-06,verificat,"Ubicació i periodicitat a Salt a validar · La cartera de l'EAP Salt inclou Llevadores, Atenció a la Salut Sexual i Reproductiva (ASSIR) i Educació maternal",,,,n/a (servei municipal/supramunicipal o sense adreça pública),GS,ICS
S12,Programa de metadona i intercanvi de xeringues (EAP),rectangle,tècnic,Salut,salut/addiccions,-,tots dos CAP,-,-,Contacte amb població consumidora; reducció de danys,https://icsgirona.cat/ca/eap-salt,consulta 2026-10-06,verificat,,,,,n/a (servei municipal/supramunicipal o sense adreça pública),S,ICS
S13,Programa Pacient Expert i educació grupal en cronicitat (EAP),rectangle,tècnic,Salut,salut,-,tots dos CAP,-,-,"Grups comunitaris de crònics (diabetis, IC, fibromiàlgia)",https://icsgirona.cat/ca/eap-salt,consulta 2026-10-06,verificat,,,,,n/a (servei municipal/supramunicipal o sense adreça pública),GS,ICS
S14,Equip de suport a residències i pacient crònic complex (projecte CSIR),rectangle,tècnic,Salut,salut/gent gran,-,tots dos CAP,-,-,~1.600 pacients d'alt risc; ja actua en 2 residències de Salt,https://www.diaridegirona.cat/girona/2025/07/09/salt-lidera-transformacio-sistema-sanitari-119520615.html,2025-07-09,verificat,,,,,n/a (servei municipal/supramunicipal o sense adreça pública),GS,DDG_CSIR
S15,Psicologia clínica d'adults i psicologia de cronicitat (EAP),rectangle,tècnic,Salut,salut mental,-,tots dos CAP,-,-,Grups psicoeducatius; el 2021 figurava 'EPAC Mutuam' (Equip Psicològic Atenció Cronicitat),https://icsgirona.cat/ca/eap-salt | Foto sociograma CAP Salt 2021 (adjunt de l'usuari),consulta 2026-10-06 | 2021,verificat,,,,,n/a (servei municipal/supramunicipal o sense adreça pública),S,ICS;FOTO2021
S16,Hospital Santa Caterina (IAS) – Parc Hospitalari Martí i Julià,rectangle,tècnic,Salut,salut,Parc Hospitalari (Sud),supramunicipal,C/ Dr. Castany s/n,ias.cat,Hospital de referència; urgències; unitats de psiquiatria,https://www.ias.cat/ca/contingut/iasgirona/530 | https://www.viladesalt.cat/ajuntament/servei-datencio-a-la-ciutadania/adreces-i-telefons-dinteres/ | Foto sociograma CAP Salt 2021 (adjunt de l'usuari),consulta 2026-10-06 | consulta 2026-10-06 | 2021,verificat,,41.969571,2.7972475,POI OSM Hospital Santa Caterina,Salt 1 (més proper; 669 m),GS,IAS_PH;AJ_ADR;FOTO2021
S17,CSMIJ Gironès-Pla de l'Estany (IAS),rectangle,tècnic,Salut,salut mental,Girona,supramunicipal,"C/ Albareda 3-5, Girona",ias.cat,Salut mental infantojuvenil; referents per a Salt (2021),http://www.ias.cat/ca/contingut/iasgirona/598 | Foto sociograma CAP Salt 2021 (adjunt de l'usuari) | https://eines.icgc.cat/geocodificador/cerca?text=Carrer+Albareda+3%2C+Girona&size=1,consulta 2026-10-06 | 2021 | consulta 2026-10-07,verificat,,41.9824309,2.8242152,portal (ICGC),n/a (seu fora del terme de Salt),GSE,IAS_SM;FOTO2021;AP26_80
S18,CSMA Gironès-Pla de l'Estany (IAS),rectangle,tècnic,Salut,salut mental,Girona,supramunicipal,"C/ Albareda 3-5, Girona",ias.cat,Salut mental adults,http://www.ias.cat/ca/contingut/iasgirona/598 | Foto sociograma CAP Salt 2021 (adjunt de l'usuari) | https://eines.icgc.cat/geocodificador/cerca?text=Carrer+Albareda+3%2C+Girona&size=1,consulta 2026-10-06 | 2021 | consulta 2026-10-07,verificat,,41.9824309,2.8242152,portal (ICGC),n/a (seu fora del terme de Salt),GS,IAS_SM;FOTO2021;AP26_80
S19,Programa de Col·laboració amb Primària (PCP) – salut mental,rectangle,tècnic,Salut,salut mental,-,tots dos CAP,CAP Salt 1 / Salt 2,-,Una psicòloga del CSMA col·labora amb els CAP Salt 1 i Salt 2 (programa que el 2021 constava com a PSP),"equip EAP Salt (comunicació personal, oct. 2026)",2026-10,verificat,"Nom i funcionament actuals: equip EAP Salt (comunicació personal, oct. 2026)",,,,n/a (servei municipal/supramunicipal o sense adreça pública),GS,EQUIP
S20,CAS Gironès-Pla de l'Estany (IAS),rectangle,tècnic,Salut,salut/addiccions,Girona,supramunicipal,"C/ Baldiri i Reixach 50, Girona",ias.cat,Atenció a drogodependències,http://www.ias.cat/ca/contingut/iasgirona/598 | Foto sociograma CAP Salt 2021 (adjunt de l'usuari) | https://eines.icgc.cat/geocodificador/cerca?text=Carrer+Baldiri+Reixac+50%2C+Girona&size=1,consulta 2026-10-06 | 2021 | consulta 2026-10-07,verificat,,41.9711874,2.8229255,portal (ICGC),n/a (seu fora del terme de Salt),GS,IAS_SM;FOTO2021;AP26_81
S21,Servei de Rehabilitació Comunitària i EIPP (IAS),rectangle,tècnic,Salut,salut mental,Girona,supramunicipal,Girona,ias.cat,Rehabilitació psicosocial i intervenció precoç en psicosi,http://www.ias.cat/ca/contingut/iasgirona/598 | Foto sociograma CAP Salt 2021 (adjunt de l'usuari),consulta 2026-10-06 | 2021,verificat,,,,,n/a (servei municipal/supramunicipal o sense adreça pública),S,IAS_SM;FOTO2021
S22,"Hospital de Dia de Salut Mental d'Adolescents (IAS, Els Til·lers)",rectangle,tècnic,Salut,salut mental,Parc Hospitalari,supramunicipal,Parc Hospitalari Martí i Julià,ias.cat,Recurs per a adolescents amb TMG,http://www.ias.cat/ca/contingut/iasgirona/598,consulta 2026-10-06,verificat,,,,,n/a (servei municipal/supramunicipal o sense adreça pública),S,IAS_SM
S23,PADES unificat Gironès-Pla de l'Estany-Selva interior (ICS/IAS/Mutuam),rectangle,tècnic,Salut,salut,-,supramunicipal,-,ias.cat,Atenció domiciliària pal·liativa; circuit amb l'equip CSIR,https://www.ias.cat/ca/noticies/primaria/980 | https://www.diaridegirona.cat/girona/2025/07/09/salt-lidera-transformacio-sistema-sanitari-119520615.html,consulta 2026-10-06 | 2025-07-09,verificat,,,,,n/a (servei municipal/supramunicipal o sense adreça pública),S,PADES;DDG_CSIR
S24,CDIAP Salt-Gironès (Grup Fundació Ramon Noguera),rectangle,tècnic,Salut,salut/infància,Centre (aprox.),supramunicipal,"C/ Sant Romà, 43-45",grupfrn.cat,Atenció precoç 0-6; pont amb escoles bressol i pediatria,https://grupfrn.cat/serveis-a-les-persones/atencio-a-la-infancia/ | Foto sociograma CAP Salt 2021 (adjunt de l'usuari),consulta 2026-10-06 | 2021,verificat,,41.974759,2.7976558,portal/edifici (Nominatim),Salt 1 (més proper; 422 m),GSE,CDIAP;FOTO2021
S25,Centre d'Urgències d'Atenció Continuada Güell (ICS),rectangle,tècnic,Salut,salut,Girona,supramunicipal,"C/ Mossèn Joan Pons s/n, Girona",icsgirona.cat,Urgències nocturnes de l'EAP,https://icsgirona.cat/ca/eap-salt | https://eines.icgc.cat/geocodificador/cerca?text=Carrer+Mossen+Joan+Pons+6%2C+Girona&size=1,consulta 2026-10-06 | consulta 2026-10-07,verificat,,41.983099,2.8115899,portal aproximat (ICGC),n/a (seu fora del terme de Salt),S,ICS;AP26_82
S26,"Unitat Trànsit Girona (ICS, Regió Sanitària Girona)",rectangle,tècnic,Salut,salut/LGTBI,Girona,supramunicipal,"Centre de Salut Güell, C/ Mossèn Joan Pons, 6 (4a planta), 17007 Girona (dependències ASSIR Gironès-Pla de l'Estany)",transit.girona.ics@gencat.cat,Figurava el 2021; referent per a població trans,Foto sociograma CAP Salt 2021 (adjunt de l'usuari) | https://icsgirona.cat/ca/atencio-la-persona-transgenere | https://catsalut.gencat.cat/ca/serveis-sanitaris/altres-serveis/model-atencio-salut-persones-trans/ | https://eines.icgc.cat/geocodificador/cerca?text=Carrer+Mossen+Joan+Pons+6%2C+Girona&size=1,2021 | consulta 2026-10-07 | consulta 2026-10-07 | consulta 2026-10-07,verificat,Llegible en foto 2021; dades actuals a validar,41.983099,2.8115899,portal (ICGC),n/a (seu fora del terme de Salt),S,FOTO2021;AP26_07;AP26_08;AP26_82
S27,Xarxa de farmàcies comunitàries de Salt (14 oficines),rectangle,social,Salut,salut,diverses,municipal,"Pg. Països Catalans 65, 145 i 168; C/ Major 20, 157 i 269; C/ Llevadores 7-9; C/ Moreneta 39; Camí dels Carlins 10 (Espai Gironès); Pg. Marquès de Camps 20; C/ Àngel Guimerà 75; C/ Esteve Vila 1; C/ Guilleries 60; C/ Pla de Salt 15",viusalt.cat,"Detecció, adherència, cribratges; el 2021 constaven 3 farmàcies",https://viusalt.cat/informacio-salt-girona-costa-brava/telefons-adreces-serveis-urgencies-salt/ | Foto sociograma CAP Salt 2021 (adjunt de l'usuari) | https://www.cofgi.org/farmacies/directori-de-farmacies,consulta 2026-10-06 | 2021 | consulta 2026-10-07,verificat,14 oficines de farmàcia amb CP 17190 Salt al directori del COF Girona,,,,n/a (servei municipal/supramunicipal o sense adreça pública),GSC,VIUSALT;FOTO2021;AP26_09
S28,Àrea de Salut Pública de l'Ajuntament,rectangle,tècnic,Salut,salut pública,-,municipal,"Pl. Lluís Companys, 1",viladesalt.cat,"Promoció de salut, salut ambiental/alimentària, conveni mosquit tigre amb Dipsalut, SAFIS",https://www.viladesalt.cat/arees-serveis/area-de-serveis-a-les-persones/salut/ | https://educacio.viladesalt.cat/wp-content/uploads/2023/11/AF-GuiaRecursos-Definitiubo.pdf,consulta 2026-10-06 | 2023-11-22,verificat,,41.9747074,2.792583,portal/edifici (Nominatim),Salt 1 (més proper; 24 m),GSCE,SALUT_AJ;GUIA
S29,"Fundació Les Vetes (residència, centre de dia, SAD)",rectangle,social,Salut,gent gran/salut,-,municipal,Salt,-,Residència i centre de dia sense ànim de lucre; possible residència secundada per l'equip CSIR,https://puntvoluntariat.viladesalt.cat/les-entitats-de-salt/,2025-10-13,verificat,Que sigui una de les 2 residències amb suport: a validar,,,,n/a (servei municipal/supramunicipal o sense adreça pública),GSC,PV
S30,EUSES – Escola Universitària de la Salut i l'Esport,rectangle,tècnic,Salut,educatiu/salut,-,supramunicipal,"C/ President Francesc Macià, 65, Salt",euses.cat · info@euses.cat,Pràcticum i voluntariat en activitat física comunitària,https://educacio.viladesalt.cat/faq-items/centres-educatius/ | https://www.linkedin.com/posts/ajuntament-de-salt_salt-bondiasalt-viusalt-activity-7480169266063851522-JYli,consulta 2026-10-06 | consulta 2026-10-07,verificat,,41.9735502,2.7917647,carrer (aprox.),Salt 1 (més proper; 122 m),SE,EDU_CENTRES;AP26_10
S31,"Campus de Salut (sector Sud, projecte)",triangle,polític,Salut,salut,Sud,supramunicipal,Sector Sud,-,Projecte hospitalari-universitari; oportunitat a mitjà termini,https://www.infosalt.cat/salt-presenta-el-projecte-del-pla-de-barris-per-transformar-el-sector-centre-i-el-veinat-amb-una-inversio-de-fins-a-25-milions-deuros/ | https://pam.viladesalt.cat/pam-2023-2027/salt-mira-al-futur-progres-economic-i-creixement/planificacio-urbanistica/desenvolupament-del-sector-sud/aprovar-la-cessio-dels-terrenys | https://www.diaridegirona.cat/girona/2026/07/06/aproven-conveni-urbanistic-per-desenvolupar-132152467.html,2026 (convocatòria juliol 2026) | consulta 2026-10-07 | consulta 2026-10-07,verificat,"Projecte actiu: aprovació provisional municipal del pla del sector (ple maig 2025); conveni urbanístic Territori-Incasol-Salt-Vilablareix (22 M€) aprovat juliol 2026; part de Salt pendent d'informes estatals (AP-7, aeroport)",,,,n/a (servei municipal/supramunicipal o sense adreça pública),S,PLABARRIS;AP26_11;AP26_12
SS01,Serveis Socials Bàsics de Salt (CBSGS),rectangle,tècnic,Serveis municipals i socials,social,Centre,municipal,"C/ Àngel Guimerà, 106-108",cbs.cat,"Soci clau: casos compartits, Km 0, CDA, derivacions",https://www.viladesalt.cat/ajuntament/servei-datencio-a-la-ciutadania/adreces-i-telefons-dinteres/ | https://www.cbs.cat/centre-de-distribucio-daliments-salt/,consulta 2026-10-06 | consulta 2026-10-06,verificat,,41.9736126,2.7880335,portal/edifici (Nominatim),Salt 1 (més proper; 386 m),GSCE,AJ_ADR;CBS_CDA
SS02,"Envelliment Quilòmetre Zero (Pla local, Serveis Socials)",rectangle,tècnic,Serveis municipals i socials,gent gran,-,municipal,-,cbs.cat/envelliment-quilometre-zero,"Solitud no desitjada, intergeneracional, habitatge >64; l'EAP vol estendre-ho",https://www.cbs.cat/envelliment-quilometre-zero/ | https://www.diaridegirona.cat/girona/2025/07/09/salt-lidera-transformacio-sistema-sanitari-119520615.html,consulta 2026-10-06 | 2025-07-09,verificat,,,,,n/a (servei municipal/supramunicipal o sense adreça pública),GSC,CBS_KM0;DDG_CSIR
SS03,"SOAF / SSAF / Materno / Creixem (serveis a famílies i infància, CBSGS)",rectangle,tècnic,Serveis municipals i socials,social/infància,-,municipal,"C/ Major, 163B entl.",cbs.cat,"Criança 0-3, prevenció drogues (Creixem), orientació familiar",https://educacio.viladesalt.cat/wp-content/uploads/2023/11/AF-GuiaRecursos-Definitiubo.pdf,2023-11-22,verificat,,41.9752867,2.7928584,portal/edifici (Nominatim),Salt 1 (més proper; 92 m),GSE,GUIA
SS04,SIAJ i Tarda Oberta – educació social de carrer (CBSGS),rectangle,tècnic,Serveis municipals i socials,joventut,-,municipal,"C/ Major, 163B entl.",cbs.cat,Contacte amb adolescents en espai públic,https://educacio.viladesalt.cat/wp-content/uploads/2023/11/AF-GuiaRecursos-Definitiubo.pdf,2023-11-22,verificat,,41.9752867,2.7928584,portal/edifici (Nominatim),Salt 1 (més proper; 92 m),GCE,GUIA
SS05,Serveis d'atenció diürna – Centres oberts (zona Centre i Pl. Catalunya/Veïnat),rectangle,tècnic,Serveis municipals i socials,infància,Centre / Veïnat,municipal,C/ Pacheco; zona Pl. Catalunya,cbs.cat,Infància en risc; 20 places,https://educacio.viladesalt.cat/wp-content/uploads/2023/11/AF-GuiaRecursos-Definitiubo.pdf,2023-11-22,verificat,,41.9732245,2.7882427,carrer (aprox.),Salt 1 (més proper; 383 m),CE,GUIA
SS06,Centre de Distribució d'Aliments de Salt (CBSGS + Càritas),rectangle,tècnic,Serveis municipals i socials,social/alimentació,-,municipal,"C/ Pere Coll i Guitó, 6",cbs.cat,Formació en alimentació saludable; accés a famílies vulnerables,https://www.cbs.cat/centre-de-distribucio-daliments-salt/ | https://www.caritasgirona.cat/salt,consulta 2026-10-06 | consulta 2026-10-06 (memòria 2025),verificat,,41.9719688,2.7844508,carrer (aprox.),Salt 2 (més proper; 286 m),GSC,CBS_CDA;CARITAS
SS07,SIE Gironès – Servei d'Intervenció Especialitzada en violència masclista,rectangle,tècnic,Serveis municipals i socials,dones/violència,Veïnat,supramunicipal,"Pl. del Veïnat, 11",cbs.cat/sie,Circuit violència masclista; figurava el 2021 ('SIE Salt'),https://www.cbs.cat/sie/ | Foto sociograma CAP Salt 2021 (adjunt de l'usuari),consulta 2026-10-06 | 2021,verificat,,41.9759564,2.7986875,carrer (aprox.),Salt 1 (més proper; 532 m),GSC,CBS_SIE;FOTO2021
SS08,SIAD Gironès-Salt (informació i atenció a les dones),rectangle,tècnic,Serveis municipals i socials,dones,-,supramunicipal,CBSGS,cbs.cat,Assessoria jurídica/psicològica a dones,https://www.cbs.cat/ | https://puntvoluntariat.viladesalt.cat/les-entitats-de-salt/,consulta 2026-10-06 | 2025-10-13,verificat,,,,,n/a (servei municipal/supramunicipal o sense adreça pública),GC,SIAD;PV
SS09,SAI Gironès-Salt (Servei d'Atenció Integral LGTBI),rectangle,tècnic,Serveis municipals i socials,LGTBI,-,supramunicipal,CBSGS,cbs.cat,Atenció a persones LGTBI+ i famílies,https://www.cbs.cat/servei-datencio-integral-sai/,consulta 2026-10-06,verificat,,,,,n/a (servei municipal/supramunicipal o sense adreça pública),GC,CBS_SAI
SS10,"Servei municipal d'Acollida i Ciutadania (Primera acollida, suport lingüístic, assessorament estrangeria)",rectangle,tècnic,Serveis municipals i socials,migració,Veïnat,municipal,"Mas Mota, Pl. Catalunya s/n",viladesalt.cat,Porta d'entrada de nouvinguts; ideal per a educació sanitària bàsica,https://educacio.viladesalt.cat/wp-content/uploads/2023/11/AF-GuiaRecursos-Definitiubo.pdf,2023-11-22,verificat,,41.974928,2.8001498,POI OSM Mas Mota,Salt 1 (més proper; 629 m),GSC,GUIA
SS11,"Àrea d'Acció Social i Ciutadania (Salt Activa 365, Juguem?)",rectangle,tècnic,Serveis municipals i socials,social/comunitari,-,municipal,Mas Mota / Ajuntament,juguem.viladesalt.cat,Programa 'Juguem?' en places i patis; pla estratègic Salt Activa 365,https://educacio.viladesalt.cat/wp-content/uploads/2026/02/Sessio-tancament-PES-19-25.pdf | https://juguem.viladesalt.cat/,2026-02 | consulta 2026-10-06,verificat,,41.974928,2.8001498,POI OSM Mas Mota,Salt 1 (més proper; 629 m),GCE,PES_TANC;JUGUEM
SS12,"Programa 'Juguem?' (patis i places, espais lectors, itineraris segurs)",rectangle,tècnic,Serveis municipals i socials,infància/comunitari,diverses places,municipal,"Pl. del Mercat, Pl. Catalunya, Pl. Llibertat, patis",juguem.viladesalt.cat,~2.600 participants/any (2023); plataforma per a salut al carrer,https://juguem.viladesalt.cat/ | https://educacio.viladesalt.cat/wp-content/uploads/2023/11/AF-GuiaRecursos-Definitiubo.pdf,consulta 2026-10-06 | 2023-11-22,verificat,,,,,n/a (servei municipal/supramunicipal o sense adreça pública),GCE,JUGUEM;GUIA
SS13,Punt de Voluntariat de Salt,rectangle,tècnic,Serveis municipals i socials,comunitari,Veïnat,municipal,"Mas Mota, Pl. Catalunya s/n",puntvoluntariat.viladesalt.cat,Xarxa de ~30 entitats; canal per a captar voluntariat de salut,https://puntvoluntariat.viladesalt.cat/les-entitats-de-salt/,2025-10-13,verificat,,41.974928,2.8001498,POI OSM Mas Mota,Salt 1 (més proper; 629 m),GC,PV
SS14,Oficina Local d'Habitatge + Servei de mediació comunitària (Vincle),rectangle,tècnic,Serveis municipals i socials,habitatge/convivència,-,municipal,"C/ Dr. Ferran, 7 bxs",habitatge.viladesalt.cat,Mediació veïnal; habitatge i salut,https://habitatge.viladesalt.cat/serveis/de-mediacio-comunitaria/,consulta 2026-10-06,verificat,,41.9739535,2.7889246,portal/edifici (Nominatim),Salt 1 (més proper; 306 m),GC,OLH_MED
SS15,Policia Local de Salt,rectangle,tècnic,Serveis municipals i socials,seguretat,-,municipal,"C/ Pla de Salt, 2",viladesalt.cat,"Seguretat viària, convivència, violència masclista; figurava el 2021",https://www.viladesalt.cat/ajuntament/servei-datencio-a-la-ciutadania/adreces-i-telefons-dinteres/ | Foto sociograma CAP Salt 2021 (adjunt de l'usuari),consulta 2026-10-06 | 2021,verificat,,41.9685951,2.786074,portal/edifici (Nominatim),Salt 2 (més proper; 147 m),GC,AJ_ADR;FOTO2021
SS16,Mossos d'Esquadra – Comissaria de Salt,rectangle,tècnic,Serveis municipals i socials,seguretat,-,supramunicipal,"C/ Pla de Salt, 2",mossos.gencat.cat,Circuits violència; figurava el 2021,https://www.viladesalt.cat/ajuntament/servei-datencio-a-la-ciutadania/adreces-i-telefons-dinteres/ | Foto sociograma CAP Salt 2021 (adjunt de l'usuari),consulta 2026-10-06 | 2021,verificat,,41.9685951,2.786074,portal/edifici (Nominatim),Salt 2 (més proper; 147 m),GC,AJ_ADR;FOTO2021
SS17,Centre de Recursos de la Gent Gran (municipal),rectangle,tècnic,Serveis municipals i socials,gent gran,Barri Vell,municipal,"Pl. de la Vila, 26",viladesalt.cat,Activitats per a majors; figurava el 2021,https://www.viladesalt.cat/faq-items/equipaments-per-a-la-gent-gran/ | Foto sociograma CAP Salt 2021 (adjunt de l'usuari),consulta 2026-10-06 | 2021,verificat,,41.9741024,2.7814672,portal/edifici (Nominatim),Salt 2 (més proper; 626 m),GSC,GG;FOTO2021
SS18,Casal Cívic i Comunitari Les Bernardes (Generalitat),rectangle,tècnic,Serveis municipals i socials,gent gran/comunitari,-,municipal,"Pl. Diputació, 2",dretssocials.gencat.cat,Activitats per a majors i comunitat; figurava el 2021,https://www.viladesalt.cat/faq-items/equipaments-per-a-la-gent-gran/ | Foto sociograma CAP Salt 2021 (adjunt de l'usuari),consulta 2026-10-06 | 2021,verificat,,41.9754985,2.791151,carrer (aprox.),Salt 1 (més proper; 161 m),GSC,GG;FOTO2021
SS19,Espai Municipal d'Ocupació (EMO) + Referents d'Ocupació Juvenil,rectangle,tècnic,Serveis municipals i socials,ocupació,Centre,municipal,"C/ Major, 164",emo.viladesalt.cat,Ocupació com a determinant de salut,https://educacio.viladesalt.cat/wp-content/uploads/2023/11/AF-GuiaRecursos-Definitiubo.pdf | https://www.viladesalt.cat/ajuntament/servei-datencio-a-la-ciutadania/adreces-i-telefons-dinteres/,2023-11-22 | consulta 2026-10-06,verificat,,41.9751584,2.7912081,carrer (aprox.),Salt 1 (més proper; 134 m),GC,GUIA;AJ_ADR
SS20,Oficina de Treball de Salt (SOC) + CIFO Salt,rectangle,tècnic,Serveis municipals i socials,ocupació,-,supramunicipal,"C/ Alfons Moré, 1",serveiocupacio.gencat.cat,Formació ocupacional; figurava el 2021,https://educacio.viladesalt.cat/wp-content/uploads/2023/11/AF-GuiaRecursos-Definitiubo.pdf | Foto sociograma CAP Salt 2021 (adjunt de l'usuari),2023-11-22 | 2021,verificat,,41.9716597,2.8003331,carrer (aprox.),Salt 1 (més proper; 715 m),C,GUIA;FOTO2021
SS21,Oficina de Català de Salt (CPNL),rectangle,tècnic,Serveis municipals i socials,llengua/migració,-,supramunicipal,"C/ Sant Antoni, 1 (Coma Cros)",cpnl.cat/salt,Cursos amb continguts de salut (vocabulari sanitari),https://educacio.viladesalt.cat/wp-content/uploads/2023/11/AF-GuiaRecursos-Definitiubo.pdf | Foto sociograma CAP Salt 2021 (adjunt de l'usuari),2023-11-22 | 2021,verificat,,41.9776244,2.7964569,POI OSM Coma Cros,Salt 1 (més proper; 475 m),C,GUIA;FOTO2021
SS22,Ràdio Salt (emisora municipal),rectangle,tècnic,Serveis municipals i socials,comunicació,Centre,municipal,"C/ Major, 165",viladesalt.cat,Difusió de campanyes de salut en diversos idiomes,https://www.viladesalt.cat/ajuntament/servei-datencio-a-la-ciutadania/adreces-i-telefons-dinteres/,consulta 2026-10-06,verificat,,41.9751584,2.7912081,carrer (aprox.),Salt 1 (més proper; 134 m),C,AJ_ADR
SS23,Àrea d'Esports (SAFIS – Setmana de l'Activitat Física i la Salut),rectangle,tècnic,Serveis municipals i socials,esport/salut,-,municipal,"Pavelló Municipal, Pg. Països Catalans",viladesalt.cat,SAFIS: >50 activitats cada abril; espai natural del PAFES,https://www.infosalt.cat/la-14a-setmana-de-lactivitat-fisica-i-la-salut-de-salt-programa-mes-de-50-activitats-durant-tot-el-mes-dabril/ | https://educacio.viladesalt.cat/wp-content/uploads/2023/11/AF-GuiaRecursos-Definitiubo.pdf,2025-04 | 2023-11-22,verificat,,41.9727256,2.7926522,carrer (aprox.),Salt 1 (més proper; 195 m),GSC,SAFIS;GUIA
SS24,Àrea de Joventut (Pla Local de Joventut 2024-2027; programes VIP 1 i 2),rectangle,tècnic,Serveis municipals i socials,joventut,-,municipal,Estació Jove,saltjove.cat,Prevenció de violències en 3r ESO; orientació (PICES),"https://educacio.viladesalt.cat/wp-content/uploads/2026/02/Sessio-tancament-PES-19-25.pdf | https://pam.viladesalt.cat/els-plans-de-salt/pla-local-de-joventut-2024-27 | https://nominatim.openstreetmap.org/search?q=Estaci%C3%B3+Jove,+Salt&format=jsonv2&limit=3",2026-02 | consulta 2026-10-06 | consulta 2026-10-07,verificat,,41.9730481,2.7948784,aproximada (parada de bus homònima),Salt 1 (més proper; 249 m),GCE,PES_TANC;PLA_JOV;AP26_92
SS25,"Àrea de Cultura (biblioteques, Coma Cros, El Canal, Museu de l'Aigua, Teatre)",rectangle,tècnic,Serveis municipals i socials,cultura,-,municipal,"C/ Sant Antoni, 1",comacros.cat,Espais i programació per a accions de salut cultural,https://www.viladesalt.cat/ajuntament/servei-datencio-a-la-ciutadania/adreces-i-telefons-dinteres/ | https://educacio.viladesalt.cat/wp-content/uploads/2023/11/AF-GuiaRecursos-Definitiubo.pdf,consulta 2026-10-06 | 2023-11-22,verificat,,41.9776244,2.7964569,POI OSM Coma Cros,Salt 1 (més proper; 475 m),C,AJ_ADR;GUIA
E01,Àrea d'Educació / OME (Oficina Municipal d'Escolarització),rectangle,tècnic,Educació,educatiu,Centre,municipal,"Pl. Lluís Companys, 1",educacio.viladesalt.cat,"Coordina Pla Educatiu d'Entorn, CEM, Espai Migdia, ApS, guies de recursos",https://educacio.viladesalt.cat/faq-items/centres-educatius/ | https://educacio.viladesalt.cat/wp-content/uploads/2023/11/AF-GuiaRecursos-Definitiubo.pdf,consulta 2026-10-06 | 2023-11-22,verificat,,41.9747074,2.792583,portal/edifici (Nominatim),Salt 1 (més proper; 24 m),GE,EDU_CENTRES;GUIA
E02,Pla Educatiu d'Entorn de Salt (des de 2005; projecte marc 2026),rectangle,tècnic,Educació,educatiu,-,municipal,-,educacio.viladesalt.cat,Integra 44 accions del PES 2019-25; objectiu 6: estils de vida saludable i benestar emocional,https://educacio.viladesalt.cat/wp-content/uploads/2026/02/Sessio-tancament-PES-19-25.pdf,2026-02,verificat,,,,,n/a (servei municipal/supramunicipal o sense adreça pública),GE,PES_TANC
E03,Consell Escolar Municipal (CEM) i grups de treball,rectangle,tècnic,Educació,educatiu,-,municipal,-,educacio.viladesalt.cat,Espai formal de participació educativa,https://educacio.viladesalt.cat/wp-content/uploads/2026/02/Sessio-tancament-PES-19-25.pdf | https://educacio.viladesalt.cat/wp-content/uploads/2023/11/AF-GuiaRecursos-Definitiubo.pdf,2026-02 | 2023-11-22,verificat,,,,,n/a (servei municipal/supramunicipal o sense adreça pública),E,PES_TANC;GUIA
E04,Punt d'Orientació Educativa / Servei d'Orientació a l'Alumnat (CRP),rectangle,tècnic,Educació,educatiu,-,municipal,-,educacio.viladesalt.cat,Prevenció de l'abandó escolar,https://educacio.viladesalt.cat/wp-content/uploads/2026/02/Sessio-tancament-PES-19-25.pdf | https://educacio.viladesalt.cat/wp-content/uploads/2023/11/AF-GuiaRecursos-Definitiubo.pdf,2026-02 | 2023-11-22,verificat,,,,,n/a (servei municipal/supramunicipal o sense adreça pública),E,PES_TANC;GUIA
E05,EAP Gironès – Equip d'Assessorament Psicopedagògic (Servei Educatiu del Gironès),rectangle,tècnic,Educació,educatiu,-,supramunicipal,Servei Educatiu del Gironès,serveiseducatius.xtec.cat/girones,"Detecció NEE, coordinació amb CSMIJ/CDIAP/pediatria",https://serveiseducatius.xtec.cat/girones/el-servei-educatiu/eap/,consulta 2026-10-06,verificat,,,,,n/a (servei municipal/supramunicipal o sense adreça pública),GSE,SE_GIRONES
E06,CRP del Gironès (Centre de Recursos Pedagògics),rectangle,tècnic,Educació,educatiu,-,supramunicipal,Servei Educatiu del Gironès,serveiseducatius.xtec.cat/girones,Formació docent; acull el Servei d'Orientació a l'Alumnat,https://serveiseducatius.xtec.cat/girones/el-servei-educatiu/centre-de-recursos-pedagogics/ | https://educacio.viladesalt.cat/wp-content/uploads/2026/02/Sessio-tancament-PES-19-25.pdf,consulta 2026-10-06 | 2026-02,verificat,,,,,n/a (servei municipal/supramunicipal o sense adreça pública),E,CRP;PES_TANC
E07,CREDA de Girona (deficiència auditiva i llenguatge),rectangle,tècnic,Educació,educatiu/salut,El Pla / Sud (aprox.),supramunicipal,"Av. Folch i Torres, 6",xtec.cat/serveis/creda,Figurava el 2021,http://www.xtec.cat/serveis/creda/b7900035/ | Foto sociograma CAP Salt 2021 (adjunt de l'usuari),consulta 2026-10-06 | 2021,verificat,,41.9688,2.7898,carrer Folch i Torres (aprox.; mateixa adreça que CEE La Maçana),Salt 2 (més proper; 298 m),E,CREDA;FOTO2021
E08,Programa #aquiproubullying (Departament d'Educació) en centres de Salt,rectangle,tècnic,Educació,educatiu/convivència,-,supramunicipal,-,xtec.cat,Alguns centres de Salt ho segueixen (2021-22); uns altres usen pràctiques restauratives,https://educacio.viladesalt.cat/wp-content/uploads/2023/02/Informe-de-Seguiment-del-PES-2021-2022.pdf,2023-02,verificat,,,,,n/a (servei municipal/supramunicipal o sense adreça pública),GE,AQUIPROU
E09,Test BULL-S (avaluació sociomètrica de l'assetjament) a Salt,rectangle,tècnic,Educació,educatiu/convivència,-,-,-,-,Instrument sociomètric (Cerezo); NO es va trobar documentació pública de la seva aplicació a Salt,https://www.ifbscalidad.eus/es/practicas/accion-comunitaria/practica/pr-1190/,Alberich 2009,a validar,"Validar amb l'equip: qui l'aplica (EAP educatiu, instituts, Pla Educatiu d'Entorn, CAP?), en quins cursos i des de quan",,,,n/a (servei municipal/supramunicipal o sense adreça pública),GE,IFBS
E10,Programa 'Sigues tu' (Dipsalut) en escoles i instituts,rectangle,tècnic,Educació,educatiu/salut,-,supramunicipal,-,siguestu.cat,Habilitats per a la vida P3-4t ESO; vehicle de prevenció i convivència,https://educacio.viladesalt.cat/sigues-tu/ | https://educacio.viladesalt.cat/wp-content/uploads/2026/02/Sessio-tancament-PES-19-25.pdf,consulta 2026-10-06 | 2026-02,verificat,,,,,n/a (servei municipal/supramunicipal o sense adreça pública),GSE,SIGUES;PES_TANC
E11,Espai Migdia (grup de treball menjador escolar),rectangle,tècnic,Educació,educatiu/alimentació,-,municipal,-,educacio.viladesalt.cat,"Menjador escolar: alimentació saludable, diversitat religiosa",https://educacio.viladesalt.cat/wp-content/uploads/2026/02/Sessio-tancament-PES-19-25.pdf | https://educacio.viladesalt.cat/wp-content/uploads/2023/11/AF-GuiaRecursos-Definitiubo.pdf,2026-02 | 2023-11-22,verificat,,,,,n/a (servei municipal/supramunicipal o sense adreça pública),E,PES_TANC;GUIA
E12,Saltem a l'Escola (transició a I3) i Taula de la petita infància,rectangle,tècnic,Educació,infància/educatiu,-,municipal,-,educacio.viladesalt.cat,Escolarització primerenca; pont amb pediatria i CDIAP,https://educacio.viladesalt.cat/wp-content/uploads/2026/02/Sessio-tancament-PES-19-25.pdf | https://www.diaridegirona.cat/girona/2025/03/17/salt-porta-ple-pacte-ciutat-115392372.html,2026-02 | 2025-03-17,verificat,,,,,n/a (servei municipal/supramunicipal o sense adreça pública),GSE,PES_TANC;PACTE
E13,"Xarxa de Tallers amb Famílies (Parlem, Creem, Cliquem...) – Vincle/Àrea d'Educació",rectangle,tècnic,Educació,educatiu/famílies,Veïnat,municipal,"Mas Mota, Pl. Catalunya",vincle.org,Tallers amb famílies en escoles; canal per a educació sanitària,https://vincle.org/ca/ambits-de-treball/projectes/xarxa-de-tallers-amb-families | https://educacio.viladesalt.cat/wp-content/uploads/2023/11/AF-GuiaRecursos-Definitiubo.pdf | https://educacio.viladesalt.cat/wp-content/uploads/2026/02/Sessio-tancament-PES-19-25.pdf,consulta 2026-10-06 | 2023-11-22 | 2026-02,verificat,,41.974928,2.8001498,POI OSM Mas Mota,Salt 1 (més proper; 629 m),GCE,VINCLE_XTF;GUIA;PES_TANC
E14,Aprenentatge i Servei (ApS) a Salt,rectangle,tècnic,Educació,educatiu,-,municipal,-,educacio.viladesalt.cat,Projectes ApS de salut amb instituts,https://educacio.viladesalt.cat/wp-content/uploads/2026/02/Sessio-tancament-PES-19-25.pdf | https://educacio.viladesalt.cat/wp-content/uploads/2023/11/AF-GuiaRecursos-Definitiubo.pdf,2026-02 | 2023-11-22,verificat,,,,,n/a (servei municipal/supramunicipal o sense adreça pública),E,PES_TANC;GUIA
E15,Escola Bressol Municipal El Carrilet,rectangle,tècnic,Educació,educatiu 0-3,-,local,"Pg. Països Catalans, 1",educacio.viladesalt.cat,Promoció de salut 0-3; famílies,https://educacio.viladesalt.cat/faq-items/centres-educatius/,consulta 2026-10-06,verificat,,41.9731148,2.7956748,carrer (aprox.),Salt 1 (més proper; 299 m),E,EDU_CENTRES
E16,Escola Bressol Municipal El Lledoner,rectangle,tècnic,Educació,educatiu 0-3,Barri Vell (aprox.),local,"C/ Sant Dionís, 27",educacio.viladesalt.cat,Promoció de salut 0-3; famílies,https://educacio.viladesalt.cat/faq-items/centres-educatius/,consulta 2026-10-06,verificat,,41.9753339,2.7882897,carrer (aprox.),Salt 1 (més proper; 365 m),E,EDU_CENTRES
E17,Llar d'infants El Barrufet (privada),rectangle,tècnic,Educació,educatiu 0-3,-,local,"C/ Miguel de Cervantes, 26",llardinfantselbarrufet.com,0-3,https://educacio.viladesalt.cat/faq-items/centres-educatius/,consulta 2026-10-06,verificat,,41.9728305,2.7965026,carrer (aprox.),Salt 1 (més proper; 374 m),E,EDU_CENTRES
E18,Llar d'infants El Petit Príncep (privada),rectangle,tècnic,Educació,educatiu 0-3,-,local,"C/ Montseny, 12",llarinfantspetitprincep.cat,0-3,https://educacio.viladesalt.cat/faq-items/centres-educatius/,consulta 2026-10-06,verificat,,41.9709926,2.7874688,carrer (aprox.),Salt 2 (més proper; 146 m),E,EDU_CENTRES
E19,Escola El Gegant del Rec (pública),rectangle,tècnic,Educació,educatiu primària,-,local,"Ptge. Joan Güell Olivé, 1",agora.xtec.cat/es-elgegantdelrec,"Salut i Escola, Sigues tu",https://educacio.viladesalt.cat/faq-items/centres-educatius/,consulta 2026-10-06,verificat,,41.9698422,2.7857649,POI OSM,Salt 2 (més proper; 61 m),E,EDU_CENTRES
E20,Escola El Pla (pública),rectangle,tècnic,Educació,educatiu primària,El Pla,local,"Pg. Marquès de Camps, 50",agora.xtec.cat/escolaelpla,Escola contigua al CAP Salt 2,https://educacio.viladesalt.cat/faq-items/centres-educatius/,consulta 2026-10-06,verificat,,41.9705819,2.7857461,POI OSM,Salt 2 (més proper; 99 m),GE,EDU_CENTRES
E21,Escola El Veïnat (pública),rectangle,tècnic,Educació,educatiu primària,Veïnat,local,"C/ Enric Granados, 8",agora.xtec.cat/ceip-veinat,Pròxima al CAP Salt 1,https://educacio.viladesalt.cat/faq-items/centres-educatius/,consulta 2026-10-06,verificat,,41.9759614,2.7958257,carrer (aprox.),Salt 1 (més proper; 316 m),GE,EDU_CENTRES
E22,Escola La Farga (pública),rectangle,tècnic,Educació,educatiu primària,-,local,"C/ Sant Dionís, 40",blog.xtec.cat/escolalafarga,Pati obert 'Juguem?'; coberta en Pla de Barris,https://educacio.viladesalt.cat/faq-items/centres-educatius/ | https://www.infosalt.cat/salt-presenta-el-projecte-del-pla-de-barris-per-transformar-el-sector-centre-i-el-veinat-amb-una-inversio-de-fins-a-25-milions-deuros/,consulta 2026-10-06 | 2026 (convocatòria juliol 2026),verificat,,41.9755351,2.7903997,POI OSM,Salt 1 (més proper; 213 m),E,EDU_CENTRES;PLABARRIS
E23,Escola Les Arrels (pública),rectangle,tècnic,Educació,educatiu primària,-,local,"Pg. Maria Rosa Puig Dalmau, 1",lesarrels.blogspot.com,Pendent de nou edifici,https://educacio.viladesalt.cat/faq-items/centres-educatius/ | https://educacio.viladesalt.cat/wp-content/uploads/2026/02/Sessio-tancament-PES-19-25.pdf,consulta 2026-10-06 | 2026-02,verificat,,41.971858,2.7984822,POI OSM,Salt 1 (més proper; 570 m),E,EDU_CENTRES;PES_TANC
E24,Escola Les Deveses (pública),rectangle,tècnic,Educació,educatiu primària,-,local,"C/ Doctor Ferran, 88",agora.xtec.cat/escolalesdeveses,-,https://educacio.viladesalt.cat/faq-items/centres-educatius/,consulta 2026-10-06,verificat,,41.9687246,2.7912604,carrer (aprox.),Salt 2 (més proper; 414 m),E,EDU_CENTRES
E25,Escola Mas Masó (pública),rectangle,tècnic,Educació,educatiu primària,Mas Masó (Sud),local,"C/ Pep Ventura, 1",-,-,https://educacio.viladesalt.cat/faq-items/centres-educatius/,consulta 2026-10-06,verificat,,41.9730524,2.7979171,carrer (aprox.),Salt 1 (més proper; 470 m),E,EDU_CENTRES
E26,Escola Silvestre Santaló (pública),rectangle,tècnic,Educació,educatiu primària,-,local,"Pg. Josep M. Folch i Torras, 8",-,-,https://educacio.viladesalt.cat/faq-items/centres-educatius/,consulta 2026-10-06,verificat,,41.9687076,2.7901259,POI OSM,Salt 2 (més proper; 327 m),E,EDU_CENTRES
E27,Escola Pia de Salt (concertada),rectangle,tècnic,Educació,educatiu primària-ESO,-,local,"C/ Pla de Salt, 10",escolapia.cat,Figurava el 2021; xarxa concertada,https://educacio.viladesalt.cat/faq-items/centres-educatius/ | Foto sociograma CAP Salt 2021 (adjunt de l'usuari),consulta 2026-10-06 | 2021,verificat,,41.9677835,2.7826903,portal/edifici (Nominatim),Salt 2 (més proper; 392 m),E,EDU_CENTRES;FOTO2021
E28,Escola Pompeu Fabra (concertada),rectangle,tècnic,Educació,educatiu,-,local,"C/ Sant Dionís, 41",pompeufabrasalt.cat,Figurava el 2021,https://educacio.viladesalt.cat/faq-items/centres-educatius/ | Foto sociograma CAP Salt 2021 (adjunt de l'usuari),consulta 2026-10-06 | 2021,verificat,,41.9747004,2.7872024,carrer (aprox.),Salt 1 (més proper; 443 m),E,EDU_CENTRES;FOTO2021
E29,Escola Vilagran (concertada),rectangle,tècnic,Educació,educatiu,-,local,"C/ Miguel de Cervantes, 11-15",-,Figurava el 2021 (lectura probable),https://educacio.viladesalt.cat/faq-items/centres-educatius/ | Foto sociograma CAP Salt 2021 (adjunt de l'usuari),consulta 2026-10-06 | 2021,verificat,,41.9728305,2.7965026,carrer (aprox.),Salt 1 (més proper; 374 m),E,EDU_CENTRES;FOTO2021
E30,FEDAC Dominiques de Salt (concertada),rectangle,tècnic,Educació,educatiu,-,local,"C/ Llarg, 60",fedac.cat/salt,-,https://educacio.viladesalt.cat/faq-items/centres-educatius/,consulta 2026-10-06,verificat,,41.9747872,2.7856757,carrer (aprox.),Salt 2 (més proper; 549 m),E,EDU_CENTRES
E31,Centre d'Educació Especial La Maçana,rectangle,tècnic,Educació,educatiu especial,El Pla / Sud (aprox.),supramunicipal,"Pg. Josep M. Folch i Torras, 6",xtec.cat/cee-lamassana,Alumnat amb discapacitat; coordinació sanitària,https://educacio.viladesalt.cat/faq-items/centres-educatius/,consulta 2026-10-06,verificat,,41.9688,2.7898,carrer Folch i Torres (aprox.),Salt 2 (més proper; 298 m),E,EDU_CENTRES
E32,"Institut Salvador Espriu (ESO, Batx., CFGM)",rectangle,tècnic,Educació,educatiu secundària,-,local,"Pg. Josep M. Folch i Torras, 4",agora.xtec.cat/iessalvadorespriu-salt,Salut i Escola; convivència,https://educacio.viladesalt.cat/faq-items/centres-educatius/ | https://educacio.viladesalt.cat/ome/mapa-de-centres-educatius-de-salt/,consulta 2026-10-06 | consulta 2026-10-06,verificat,,41.9681523,2.7886472,POI OSM,Salt 2 (més proper; 262 m),GE,EDU_CENTRES;EDU_MAPA
E33,"Institut Salvador Sunyer i Aimeric (ESO, Batx., CFGM)",rectangle,tècnic,Educació,educatiu secundària,-,local,"C/ Miquel Martí i Pol, s/n",inssalvadorsunyer.cat,Nou edifici (cessió de terreny),https://educacio.viladesalt.cat/faq-items/centres-educatius/ | https://educacio.viladesalt.cat/wp-content/uploads/2026/02/Sessio-tancament-PES-19-25.pdf,consulta 2026-10-06 | 2026-02,verificat,,41.9679965,2.7824418,POI OSM,Salt 2 (més proper; 395 m),GE,EDU_CENTRES;PES_TANC
E34,"Institut Vallvera (ESO, Batx., CFGM, CFGS)",rectangle,tècnic,Educació,educatiu secundària/FP,Coma Cros,local,"Ptge. Fàbrica Tèxtil Coma Cros, 14",iesvallvera.cat,Cicles (possible FP sanitària/social: a validar),https://educacio.viladesalt.cat/faq-items/centres-educatius/ | https://educacio.viladesalt.cat/ome/mapa-de-centres-educatius-de-salt/,consulta 2026-10-06 | consulta 2026-10-06,verificat,,41.9782385,2.7927218,POI OSM,Salt 1 (més proper; 417 m),GE,EDU_CENTRES;EDU_MAPA
E35,CFA Les Bernardes (Centre de Formació d'Adults),rectangle,tècnic,Educació,educatiu adults,-,local,"C/ Sant Dionís, 40-42",agora.xtec.cat/cfa-lesbernardes-salt,Alfabetització i català: aula per a alfabetització en salut,https://educacio.viladesalt.cat/wp-content/uploads/2023/11/AF-GuiaRecursos-Definitiubo.pdf | https://www.viladesalt.cat/ajuntament/servei-datencio-a-la-ciutadania/adreces-i-telefons-dinteres/,2023-11-22 | consulta 2026-10-06,verificat,,41.9762771,2.7907062,portal Sant Dionís 42 (Nominatim),Salt 1 (més proper; 251 m),GCE,GUIA;AJ_ADR
E36,PFI – Programes de Formació i Inserció (5 a Salt),rectangle,tècnic,Educació,educatiu/ocupació,-,municipal,"3 en centros públicos, 2 en concertados",-,Joves 16-21 fora del sistema,https://educacio.viladesalt.cat/wp-content/uploads/2026/02/Sessio-tancament-PES-19-25.pdf,2026-02,verificat,,,,,n/a (servei municipal/supramunicipal o sense adreça pública),E,PES_TANC
E37,Escola Municipal de Belles Arts / Aula Tradi / Escola de Música Moderna (audicions),rectangle,tècnic,Educació,cultura/educatiu,-,municipal,C/ Lluís Moreno (Mas Llorenç),viladesalt.cat,Art i benestar emocional,https://educacio.viladesalt.cat/wp-content/uploads/2023/11/AF-GuiaRecursos-Definitiubo.pdf | https://www.viladesalt.cat/ajuntament/servei-datencio-a-la-ciutadania/adreces-i-telefons-dinteres/,2023-11-22 | consulta 2026-10-06,verificat,,41.9742509,2.7790735,carrer (aprox.),Salt 2 (més proper; 782 m),E,GUIA;AJ_ADR
E38,"UOC, UNED i ERAM (Factoria Coma Cros)",rectangle,tècnic,Educació,universitari,Coma Cros,supramunicipal,"C/ Sant Antoni, 1",-,Recursos universitaris a Salt,https://educacio.viladesalt.cat/faq-items/centres-educatius/,consulta 2026-10-06,verificat,,41.9776244,2.7964569,POI OSM Coma Cros,Salt 1 (més proper; 475 m),E,EDU_CENTRES
E39,Fundació Probitas (beques menjador; finança 'Dinem Junts'),triangle,social,Educació,infància/alimentació,-,supramunicipal,-,-,Finançador privat d'alimentació infantil,https://educacio.viladesalt.cat/wp-content/uploads/2026/02/Sessio-tancament-PES-19-25.pdf,2026-02,verificat,,,,,n/a (servei municipal/supramunicipal o sense adreça pública),E,PES_TANC
E40,Consell Esportiu del Gironès (Pla Català de l'Esport a l'Escola),rectangle,tècnic,Educació,esport/educatiu,-,supramunicipal,-,-,6 escoles i 3 instituts en activitat esportiva no lectiva,https://educacio.viladesalt.cat/wp-content/uploads/2026/02/Sessio-tancament-PES-19-25.pdf,2026-02,verificat,,,,,n/a (servei municipal/supramunicipal o sense adreça pública),E,PES_TANC
E41,Espai lector / Seminari de Biblioteques Escolars (Salt Fiction),rectangle,social,Educació,educatiu/cultura,Centre,municipal,"C/ Àngel Guimerà, 76",-,Formació de docents reconeguda per Educació,https://puntvoluntariat.viladesalt.cat/les-entitats-de-salt/ | https://educacio.viladesalt.cat/wp-content/uploads/2026/02/Sessio-tancament-PES-19-25.pdf,2025-10-13 | 2026-02,verificat,,41.9741454,2.7900234,portal/edifici (Nominatim),Salt 1 (més proper; 212 m),E,PV;PES_TANC
AF01,AFA Escola Bressol El Carrilet,rectangle,social,Educació,educatiu/famílies,-,local,-,entitats.salt.cat/entitat/ampa-escola-bressol-el-carrilet,Canal amb famílies; tallers de salut a l'escola,https://entitats.salt.cat/directori-entitats/,consulta 2026-10-06,verificat,,,,,sense geolocalizar,E,ENT
AF02,AFA Escola Bressol El Lledoner,rectangle,social,Educació,educatiu/famílies,-,local,-,entitats.salt.cat/entitat/ampa-escola-bressol-el-lledoner,Canal amb famílies; tallers de salut a l'escola,https://entitats.salt.cat/directori-entitats/,consulta 2026-10-06,verificat,,,,,sense geolocalizar,E,ENT
AF03,AMPA Escola El Gegant del Rec,rectangle,social,Educació,educatiu/famílies,-,local,-,entitats.salt.cat/entitat/ampa-ceip-el-gegant-del-rec,Canal amb famílies; tallers de salut a l'escola,https://entitats.salt.cat/directori-entitats/,consulta 2026-10-06,verificat,,,,,sense geolocalizar,E,ENT
AF04,AMPA Escola La Farga,rectangle,social,Educació,educatiu/famílies,-,local,-,entitats.salt.cat/entitat/ampa-ceip-la-farga-de-salt,Canal amb famílies; tallers de salut a l'escola,https://entitats.salt.cat/directori-entitats/,consulta 2026-10-06,verificat,,,,,sense geolocalizar,E,ENT
AF05,AMPA Escola Les Deveses,rectangle,social,Educació,educatiu/famílies,-,local,-,entitats.salt.cat/entitat/ampa-ceip-les-deveses-de-salt,Canal amb famílies; tallers de salut a l'escola,https://entitats.salt.cat/directori-entitats/,consulta 2026-10-06,verificat,,,,,sense geolocalizar,E,ENT
AF06,AMPA Escola El Veïnat,rectangle,social,Educació,educatiu/famílies,-,local,-,entitats.salt.cat/entitat/ampa-ceip-ve%c2%8bnat,Canal amb famílies; tallers de salut a l'escola,https://entitats.salt.cat/directori-entitats/,consulta 2026-10-06,verificat,,,,,sense geolocalizar,E,ENT
AF07,AMPA Escola del Pla,rectangle,social,Educació,educatiu/famílies,-,local,-,entitats.salt.cat/entitat/ampa-escola-del-pla,Canal amb famílies; tallers de salut a l'escola,https://entitats.salt.cat/directori-entitats/,consulta 2026-10-06,verificat,,,,,sense geolocalizar,E,ENT
AF08,AFA Escola Les Arrels,rectangle,social,Educació,educatiu/famílies,-,local,-,entitats.salt.cat/entitat/ampa-escola-les-arrels,Canal amb famílies; tallers de salut a l'escola,https://entitats.salt.cat/directori-entitats/,consulta 2026-10-06,verificat,,,,,sense geolocalizar,E,ENT
AF09,AMPA Escola Mas Masó,rectangle,social,Educació,educatiu/famílies,-,local,-,entitats.salt.cat/entitat/ampa-escola-mas-mas%c2%a2,Canal amb famílies; tallers de salut a l'escola,https://entitats.salt.cat/directori-entitats/,consulta 2026-10-06,verificat,,,,,sense geolocalizar,E,ENT
AF10,AMPA Escola Pompeu Fabra,rectangle,social,Educació,educatiu/famílies,-,local,-,entitats.salt.cat/entitat/ampa-escola-pompeu-fabra,Canal amb famílies; tallers de salut a l'escola,https://entitats.salt.cat/directori-entitats/,consulta 2026-10-06,verificat,,,,,sense geolocalizar,E,ENT
AF11,AMPA Escola Silvestre Santaló,rectangle,social,Educació,educatiu/famílies,-,local,-,entitats.salt.cat/entitat/ampa-escola-silvestre-santal%c2%a2,Canal amb famílies; tallers de salut a l'escola,https://entitats.salt.cat/directori-entitats/,consulta 2026-10-06,verificat,,,,,sense geolocalizar,E,ENT
AF12,AFA Escola Pia Salt,rectangle,social,Educació,educatiu/famílies,-,local,-,entitats.salt.cat/entitat/afa-escola-pia-salt,Canal amb famílies; tallers de salut a l'escola,https://entitats.salt.cat/directori-entitats/,consulta 2026-10-06,verificat,,,,,sense geolocalizar,E,ENT
AF13,AMPA Mare de Déu del Roser,rectangle,social,Educació,educatiu/famílies,-,local,"c/ Llarg, 4 (segons directori municipal d'entitats)",ampadominiquessalt@gmail.com,Canal amb famílies; tallers de salut a l'escola,https://entitats.salt.cat/directori-entitats/ | https://entitats.salt.cat/entitat/ampa-mare-de-d%c2%82u-del-roser/ | https://educacio.viladesalt.cat/faq-items/centres-educatius/ | https://eines.icgc.cat/geocodificador/cerca?text=Carrer+Llarg+4%2C+Salt&size=1,consulta 2026-10-06 | consulta 2026-10-07 | consulta 2026-10-07 | consulta 2026-10-07,verificat,"Centre al qual pertany a validar · AMPA de l'Escola FEDAC Dominiques de Salt (E30, c. Llarg, 60): mateix correu de l'AMPA (ampadominiquessalt@gmail.com) al directori d'entitats i a la fitxa del centre",41.9744148,2.7825453,portal (ICGC),Salt 2 (més proper; 600 m),E,ENT;AP26_13;EDU_CENTRES;AP26_85
AF14,AMPA IES Salvador Espriu,rectangle,social,Educació,educatiu/famílies,-,local,-,entitats.salt.cat/entitat/ampa-ies-salvador-espriu,Canal amb famílies; tallers de salut a l'escola,https://entitats.salt.cat/directori-entitats/,consulta 2026-10-06,verificat,,,,,sense geolocalizar,E,ENT
AF15,AMPA Institut Salvador Sunyer,rectangle,social,Educació,educatiu/famílies,-,local,-,entitats.salt.cat/entitat/ampa-ensenyament-secundari-de-salt-ses-s-sunyer,Canal amb famílies; tallers de salut a l'escola,https://entitats.salt.cat/directori-entitats/,consulta 2026-10-06,verificat,,,,,sense geolocalizar,E,ENT
AF16,AMPA IES Vallvera,rectangle,social,Educació,educatiu/famílies,-,local,-,entitats.salt.cat/entitat/ampa-ies-vallvera,Canal amb famílies; tallers de salut a l'escola,https://entitats.salt.cat/directori-entitats/,consulta 2026-10-06,verificat,,,,,sense geolocalizar,E,ENT
E42,Coordinadora d'AFA de Salt,rectangle,social,Educació,educatiu/famílies,-,municipal,-,-,Interlocució conjunta amb totes les AFA,https://educacio.viladesalt.cat/wp-content/uploads/2026/02/Sessio-tancament-PES-19-25.pdf | https://totsalt.cat/el-x-mercat-de-les-afa-de-salt-omple-de-solidaritat-el-passeig-ciutat-de-girona/ | https://totsalt.cat/mercat-afa-salt-2023/,2026-02 | consulta 2026-10-07 | consulta 2026-10-07,verificat,"Activa: va organitzar el Mercat de les AFA de 2023 i la X edició (13/12/2025) amb la col·laboració de l'Ajuntament. Segons el tancament del PES 2019-2025, l'acció 93 (suport a les AFA i coordinació amb la Coordinadora) està 'executada i amb continuïtat'",,,,n/a (servei municipal/supramunicipal o sense adreça pública),GE,PES_TANC;AP26_71;AP26_72
E43,Salt'Educa – Plataforma per l'educació a Salt,rectangle,social,Educació,educatiu/incidència,-,municipal,"C/ Sant Antoni, 1",salteduca.org,Moviment ciutadà contra la segregació escolar; va impulsar el Pla Educatiu,https://www.salteduca.org/index.html | https://salteduca.org/docs/La-segregacio-escolar-NO-baixa-a-Salt.pdf,consulta 2026-10-06 | 2023-02-22,verificat,,41.9776244,2.7964569,POI OSM Coma Cros,Salt 1 (més proper; 475 m),GE,SALTEDUCA;SALTEDUCA_SEG
T01,"Càritas Salt (Acollida, CDA, Espai amb Cor, TALC, SIE, Fes+, Proinfància, En Bona Companyia, PATI, Llaços)",rectangle,social,Tercer sector,tercer sector,-,municipal,"Hotel d'Entitats, C/ Sant Dionís 42; Espai amb Cor: Pg. Marquès de Camps 6",caritasgirona.cat/salt,"Gran xarxa de voluntariat; solitud de majors, infància, habitatge; figurava el 2021",https://www.caritasgirona.cat/salt | https://educacio.viladesalt.cat/wp-content/uploads/2023/11/AF-GuiaRecursos-Definitiubo.pdf | Foto sociograma CAP Salt 2021 (adjunt de l'usuari),consulta 2026-10-06 (memòria 2025) | 2023-11-22 | 2021,verificat,,41.9762771,2.7907062,portal Sant Dionís 42 (Nominatim),Salt 1 (més proper; 251 m),GSCE,CARITAS;GUIA;FOTO2021
T02,"Casal dels Infants – Salt (COA, CIMS, Dinem Junts/RAI ESO, Casal Familiar/SOAF, Espai Dones, XAT)",rectangle,social,Tercer sector,tercer sector/infància,Centre,municipal,"C/ Major, 30",casaldelsinfants.org,"Adolescents 12-16, famílies, dones (dol migratori); projecte 'Casal Adolescents' finançat per Dipsalut",https://www.casaldelsinfants.org/on-treballem/salt/ | https://www.casaldelsinfants.org/actualitat/casaladolescentssalt-2025/ | https://educacio.viladesalt.cat/wp-content/uploads/2026/02/Sessio-tancament-PES-19-25.pdf,consulta 2026-10-06 | 2025-08-05 | 2026-02,verificat,,41.9754949,2.7935909,carrer (aprox.),Salt 1 (més proper; 141 m),GSCE,CASAL;CASAL_ADOL;PES_TANC
T03,"Associació VINCLE (mediació, Xarxa Tallers amb Famílies, dinamització AFA, assessorament estrangeria)",rectangle,social,Tercer sector,tercer sector/mediació,Veïnat,municipal,"Mas Mota, Pl. Catalunya s/n",vincle.org,Mediadors interculturals: pont amb comunitats,https://vincle.org/ca/ambits-de-treball/projectes/xarxa-de-tallers-amb-families | https://habitatge.viladesalt.cat/serveis/de-mediacio-comunitaria/ | https://educacio.viladesalt.cat/wp-content/uploads/2023/11/AF-GuiaRecursos-Definitiubo.pdf,consulta 2026-10-06 | consulta 2026-10-06 | 2023-11-22,verificat,,41.974928,2.8001498,POI OSM Mas Mota,Salt 1 (més proper; 629 m),GSCE,VINCLE_XTF;OLH_MED;GUIA
T04,"Associació Socioeducativa Nou Sol (Reforça't, Apodera't, Espai Jove)",rectangle,social,Tercer sector,tercer sector/joventut,-,municipal,"C/ Sant Dionís, 42",-,"Reforç escolar, apoderament, espai jove",https://entitats.salt.cat/directori-entitats/ | https://educacio.viladesalt.cat/wp-content/uploads/2023/11/AF-GuiaRecursos-Definitiubo.pdf | https://educacio.viladesalt.cat/wp-content/uploads/2026/02/Sessio-tancament-PES-19-25.pdf,consulta 2026-10-06 | 2023-11-22 | 2026-02,verificat,,41.9762771,2.7907062,portal Sant Dionís 42 (Nominatim),Salt 1 (més proper; 251 m),GCE,ENT;GUIA;PES_TANC
T05,Associació DOTA – Dones per la formació,rectangle,social,Tercer sector,dones/formació,-,municipal,"C/ Sant Dionís, 42",-,Formació instrumental de dones amb menys recursos,https://entitats.salt.cat/directori-entitats/ | https://puntvoluntariat.viladesalt.cat/les-entitats-de-salt/,consulta 2026-10-06 | 2025-10-13,verificat,,41.9762771,2.7907062,portal Sant Dionís 42 (Nominatim),Salt 1 (més proper; 251 m),GC,ENT;PV
T06,"Fundació SER.GI (Porta d'Accés, InSalt)",rectangle,social,Tercer sector,tercer sector/ocupació,Centre,municipal,"Pl. Lluís Companys, 12",fundaciosergi.org,Inserció sociolaboral de joves; educació social,https://entitats.salt.cat/directori-entitats/ | https://educacio.viladesalt.cat/wp-content/uploads/2023/11/AF-GuiaRecursos-Definitiubo.pdf | https://puntvoluntariat.viladesalt.cat/les-entitats-de-salt/,consulta 2026-10-06 | 2023-11-22 | 2025-10-13,verificat,,41.9745414,2.7927171,carrer (aprox.),Salt 1 (més proper; 14 m),GC,ENT;GUIA;PV
T07,"Fundació Gentis (inserció laboral, formació ocupacional)",rectangle,social,Tercer sector,tercer sector/ocupació,-,municipal,"C/ Sant Roc, 2 (La Maret)",-,Inserció laboral,https://educacio.viladesalt.cat/wp-content/uploads/2023/11/AF-GuiaRecursos-Definitiubo.pdf,2023-11-22,verificat,,41.9681666,2.7802405,carrer (aprox.),Salt 2 (més proper; 551 m),C,GUIA
T08,"Fundación Atenea (Juguem? – mediació i monitoratge, 2021-2024)",rectangle,social,Tercer sector,tercer sector/infància,-,municipal,"Pl. Catalunya, s/n (Edif. Mas Mota), Salt",fundacionatenea.org · administracion@fundacionatenea.org,Gestora de Juguem? 2021-2024; el 19/07/2024 el contracte es va adjudicar a ANNCON Lleure i Oci SL (T30),https://cido.diba.cat/contractacio/11847328/servei-de-mediacio-i-monitoratge-del-programa-municipal-juguem-ajuntament-de-salt | https://puntvoluntariat.viladesalt.cat/les-entitats-de-salt/ | https://contratos.gobierto.es/licitaciones/4450347 | https://contratos.gobierto.es/resoluciones/e528ab27-fbf3-4e2e-900d-7123a4aa300d | https://entitats.salt.cat/entitat/fundaci%c2%a2-atenea-grup-gid/ | https://eines.icgc.cat/geocodificador/cerca?text=Placa+de+Catalunya%2C+Salt&size=1,2021-2025 | 2025-10-13 | consulta 2026-10-07 | consulta 2026-10-07 | consulta 2026-10-07 | consulta 2026-10-07,verificat,"Ja NO és l'entitat gestora de Juguem?: el contracte 2024 (exp. 2024F035000013) es va adjudicar el 19/07/2024 a ANNCON LLEURE I OCI SL; el Tribunal Català de Contractes va desestimar el recurs de Fundación Atenea (Resolució 412/2024, 6/11/2024)",41.974928,2.8001498,edifici (heretat de C14) (ICGC),Salt 1 (més proper; 629 m),C,JUGUEM_CONTR;PV;AP26_01;AP26_14;AP26_15;AP26_91
T09,Suara Cooperativa (reforç educatiu ESO i postobligatori),rectangle,social,Tercer sector,tercer sector/educatiu,-,municipal,-,suara.coop,Reforç educatiu; figurava el 2021,https://educacio.viladesalt.cat/wp-content/uploads/2023/11/AF-GuiaRecursos-Definitiubo.pdf | Foto sociograma CAP Salt 2021 (adjunt de l'usuari),2023-11-22 | 2021,verificat,,,,,n/a (servei municipal/supramunicipal o sense adreça pública),E,GUIA;FOTO2021
T10,Creu Roja (acompanyament a persones sense llar a Salt),rectangle,social,Tercer sector,tercer sector,-,supramunicipal,-,creuroja.org,Sensellarisme; acollida,https://puntvoluntariat.viladesalt.cat/les-entitats-de-salt/ | https://puntvoluntariat.viladesalt.cat/empresa/creu-roja/,2025-10-13 | consulta 2026-10-07,verificat,Presència i seu actual a Salt a validar · Fitxa al Punt de Voluntariat de Salt (2026): acompanyament socioeducatiu a persones en situació de sensellarisme,,,,n/a (servei municipal/supramunicipal o sense adreça pública),GC,PV;AP26_16
T11,Associació Valentes i Acompanyades (matrimonis forçats),rectangle,social,Tercer sector,dones,-,supramunicipal,"C/ Sant Dionís, 42",-,Prevenció de matrimonis forçats,https://entitats.salt.cat/directori-entitats/ | https://puntvoluntariat.viladesalt.cat/les-entitats-de-salt/,consulta 2026-10-06 | 2025-10-13,verificat,,41.9762771,2.7907062,portal Sant Dionís 42 (Nominatim),Salt 1 (més proper; 251 m),GC,ENT;PV
T12,Fundació Support-Girona (suport a persones amb discapacitat),rectangle,social,Tercer sector,discapacitat,-,supramunicipal,"C/ Esteve Vila, 32",-,Suport a persones amb discapacitat/envelliment,https://entitats.salt.cat/directori-entitats/ | https://puntvoluntariat.viladesalt.cat/les-entitats-de-salt/,consulta 2026-10-06 | 2025-10-13,verificat,,41.9724828,2.7850334,carrer (aprox.),Salt 2 (més proper; 313 m),C,ENT;PV
T13,"Acciona't (voluntariat, Plataforma Educativa)",rectangle,social,Tercer sector,tercer sector,-,supramunicipal,-,-,Voluntariat comunitari,https://puntvoluntariat.viladesalt.cat/les-entitats-de-salt/,2025-10-13,verificat,,,,,n/a (servei municipal/supramunicipal o sense adreça pública),C,PV
T14,Fundesplai (Fundació Catalana de l'Esplai),rectangle,social,Tercer sector,tercer sector/infància,-,supramunicipal,-,fundesplai.org,Oci educatiu,https://puntvoluntariat.viladesalt.cat/les-entitats-de-salt/,2025-10-13,verificat,,,,,n/a (servei municipal/supramunicipal o sense adreça pública),C,PV
T15,Intress,rectangle,social,Tercer sector,tercer sector,-,supramunicipal,-,intress.org,Projectes socials,https://puntvoluntariat.viladesalt.cat/les-entitats-de-salt/,2025-10-13,verificat,,,,,n/a (servei municipal/supramunicipal o sense adreça pública),C,PV
T16,"Associació Azahara (innovació social, inclusió digital)",rectangle,social,Tercer sector,tercer sector,-,municipal,"C/ Sant Antoni, 1",-,Bretxa digital (accés a la Meva Salut),https://entitats.salt.cat/directori-entitats/ | https://puntvoluntariat.viladesalt.cat/les-entitats-de-salt/,consulta 2026-10-06 | 2025-10-13,verificat,,41.9776244,2.7964569,POI OSM Coma Cros,Salt 1 (més proper; 475 m),GC,ENT;PV
T17,Fundació Oncolliga Girona / AECC Catalunya contra el Càncer,rectangle,social,Tercer sector,salut/associació pacients,-,supramunicipal,-,-,Prevenció de càncer i suport a famílies,https://entitats.salt.cat/directori-entitats/ | https://puntvoluntariat.viladesalt.cat/les-entitats-de-salt/,consulta 2026-10-06 | 2025-10-13,verificat,,,,,n/a (servei municipal/supramunicipal o sense adreça pública),SC,ENT;PV
T18,Associació de Fibromiàlgia de Salt,rectangle,social,Tercer sector,salut/associació pacients,Barri Vell,municipal,"Pl. de la Vila, 5",-,Ajuda mútua; aliat del programa de sensibilització central de l'EAP,https://entitats.salt.cat/directori-entitats/,consulta 2026-10-06,verificat,,41.9742567,2.7814262,carrer (aprox.),Salt 2 (més proper; 641 m),GSC,ENT
T19,Fundació Esclerosi Múltiple (FEM) i Associació de Donants de Sang / Federació Catalana de Donants,rectangle,social,Tercer sector,salut/associació pacients,-,supramunicipal,"C/ Pau Casals, 15 (FEM)",-,Sensibilització i donació,https://entitats.salt.cat/directori-entitats/ | https://puntvoluntariat.viladesalt.cat/les-entitats-de-salt/,consulta 2026-10-06 | 2025-10-13,verificat,,41.9764417,2.7950114,carrer (aprox.),Salt 1 (més proper; 297 m),SC,ENT;PV
T20,Fundació Bofill,triangle,social,Tercer sector,educatiu/recerca,-,supramunicipal,-,fundaciobofill.cat,Dades i incidència sobre segregació i abandó escolar,https://puntvoluntariat.viladesalt.cat/les-entitats-de-salt/ | https://salteduca.org/docs/La-segregacio-escolar-NO-baixa-a-Salt.pdf | https://www.diaridegirona.cat/girona/2025/06/11/230-alumnes-salt-participen-festa-118513630.html | https://puntvoluntariat.viladesalt.cat/empresa/fundacio-bofill/,2025-10-13 | 2023-02-22 | consulta 2026-10-07 | consulta 2026-10-07,verificat,Code Club de la Fundació Bofill a Salt (curs 2024-25): més de 230 alumnes saltencs i Fira de Creativitat Digital (juny 2025); fitxa al Punt de Voluntariat (2026),,,,n/a (servei municipal/supramunicipal o sense adreça pública),E,PV;SALTEDUCA_SEG;AP26_17;AP26_18
T21,"Associació Milfulles (horts, agroecologia)",rectangle,social,Tercer sector,medi ambient/salut,-,municipal,Hortes de Salt,-,Horts comunitaris; actiu registrat al mapa ASPCAT: Hort-jardí Farmàcia Viva Milfulles de l'Ateneu (Les Guixeres),https://entitats.salt.cat/directori-entitats/ | https://puntvoluntariat.viladesalt.cat/les-entitats-de-salt/ | https://activosdesalud.com/recurso/show/27641/cat,consulta 2026-10-06 | 2025-10-13 | consulta 2026-10-06,verificat,,,,,n/a (servei municipal/supramunicipal o sense adreça pública),GC,ENT;PV;ACTIUS_MILF
T22,La Comucleta de Salt (bicicleta comunitària),rectangle,social,Tercer sector,comunitari/mobilitat,-,municipal,"C/ Sant Antoni, 1",-,Mobilitat activa,https://entitats.salt.cat/directori-entitats/ | https://puntvoluntariat.viladesalt.cat/les-entitats-de-salt/,consulta 2026-10-06 | 2025-10-13,verificat,,41.9776244,2.7964569,POI OSM Coma Cros,Salt 1 (més proper; 475 m),C,ENT;PV
T23,El Prestatge de Salt (préstec d'objectes),rectangle,social,Tercer sector,comunitari/sostenibilitat,-,municipal,-,-,Economia col·laborativa,https://puntvoluntariat.viladesalt.cat/les-entitats-de-salt/,2025-10-13,verificat,,,,,n/a (servei municipal/supramunicipal o sense adreça pública),C,PV
T24,Protecció Civil de Salt (voluntaris),rectangle,social,Tercer sector,seguretat/emergències,-,municipal,Pl. Catalunya s/n (Mas Mota),-,"Onades de calor, emergències",https://entitats.salt.cat/directori-entitats/ | https://puntvoluntariat.viladesalt.cat/les-entitats-de-salt/,consulta 2026-10-06 | 2025-10-13,verificat,,41.974928,2.8001498,POI OSM Mas Mota,Salt 1 (més proper; 629 m),C,ENT;PV
T25,Cooperativa Avancem Santa Clara (empresa d'inserció),rectangle,social,Tercer sector,ocupació,-,municipal,"C/ Josep Irla, 9-11",-,Inserció laboral,https://entitats.salt.cat/directori-entitats/,consulta 2026-10-06,verificat,,41.9722976,2.7954021,carrer (aprox.),Salt 1 (més proper; 338 m),C,ENT
T26,Fundació Utopia / Fundació Resilis,rectangle,social,Tercer sector,tercer sector,-,supramunicipal,"C/ Dr. Ferran, 4, Salt (totes dues fundacions al directori municipal)",resilis.org (ccee@resilis.org) · Utopia: juridic@plataformaeducativa.org,Registrades a Salt; activitat local a validar,https://entitats.salt.cat/directori-entitats/ | https://entitats.salt.cat/entitat/fundaci%c2%a2-privada-utopia/ | https://entitats.salt.cat/entitat/fundaci%c2%a2-privada-resilis/ | https://eines.icgc.cat/geocodificador/cerca?text=Carrer+Doctor+Ferran+4%2C+Salt&size=1,consulta 2026-10-06 | consulta 2026-10-07 | consulta 2026-10-07 | consulta 2026-10-07,verificat,,41.9741981,2.7885484,portal (ICGC),Salt 1 (més proper; 332 m),C,ENT;AP26_19;AP26_20;AP26_84
C01,"Pla Comunitari de Salt (comissions, Programació Comunitària Intercultural)",rectangle,tècnic,"Comunitat, cultura, esport i gent gran",comunitari,Veïnat,municipal,"Mas Mota, Pl. Catalunya s/n",pcdesalt.wixsite.com/pcdesalt,Estructura comunitària amb comissions temàtiques; la seva Comissió de Salut va acollir COMSalut i va prioritzar problemes de salut (jornada dic-2017); vigència actual a validar,https://pcdesalt.wixsite.com/pcdesalt/sobre-el-pla-comunitari | https://educacio.viladesalt.cat/wp-content/uploads/2026/02/Sessio-tancament-PES-19-25.pdf | https://govern.cat/gov/notes-premsa/300120/salt-desplega-el-projecte-comsalut-amb-la-participacio-de-diversos-collectius-socials-de-la-vila | https://www.viladesalt.cat/wp-content/uploads/2021/01/PLA_LOCAL_DE_JOVENTUT_2020-23.pdf,consulta 2026-10-06 (sense data) | 2026-02 | 2017 | 2021,probable,Vigència i comissions actives el 2026: a validar,41.974928,2.8001498,POI OSM Mas Mota,Salt 1 (més proper; 629 m),GSCE,PC;PES_TANC;COMSALUT;PLJ2023
C02,"Consell de Barri Sector Sud (Massana, Mas Masó, El Pla, Hospital, Sant Cugat)",rectangle,social,"Comunitat, cultura, esport i gent gran",participació,Sud,barri,"Lloc de sessió 2026: EUSES, C/ Francesc Macià, 65 (abans: Estació Jove)",viladesalt.cat/participacio,Espai d'escolta veïnal (últimes dades públiques 2022),https://www.viladesalt.cat/participacio/consells-de-barri/ | https://www.linkedin.com/posts/ajuntament-de-salt_salt-bondiasalt-viusalt-activity-7480169266063851522-JYli | https://www.gironanoticies.com/300339/imprimir.htm | https://www.viladesalt.cat/participacio/consells-de-barri/consells-de-barri-sud/,consulta 2026-10-06 (dades 2022) | consulta 2026-10-07 | consulta 2026-10-07 | consulta 2026-10-07,verificat,"Consell de Barri Sud reactivat: sessió el 7/07/2026, 18 h, Aula d'Estudi EUSES (C/ Francesc Macià, 65); l'acta oficial recull 45 veïns i 10 representants polítics",,,,sense geolocalizar,GC,CONSELLS;AP26_10;AP26_21;AP26_22
C03,Consell de Barri Sector Est (Veïnat),rectangle,social,"Comunitat, cultura, esport i gent gran",participació,Veïnat,barri,-,viladesalt.cat/participacio,Espai d'escolta veïnal,https://www.viladesalt.cat/participacio/consells-de-barri/ | https://www.canalajuntament.cat/article/lajuntament-de-salt-reactiva-els-consells-de-barri-per-impulsar-la-participacio-ciutadana-4260,consulta 2026-10-06 (dades 2022) | consulta 2026-10-07,verificat,Consell de Barri del Veïnat reactivat: sessió el 19/05/2026 a l'Auditori de la Factoria Cultural Coma Cros,,,,sense geolocalizar,GC,CONSELLS;AP26_23
C04,"Consell de Barri Sector Oest (Escriptors, Barri Vell)",rectangle,social,"Comunitat, cultura, esport i gent gran",participació,Oest,barri,-,viladesalt.cat/participacio,Espai d'escolta veïnal,https://www.viladesalt.cat/participacio/consells-de-barri/,consulta 2026-10-06 (dades 2022),probable,,,,,sense geolocalizar,GC,CONSELLS
C05,Consell de Barri Sector Centre,rectangle,social,"Comunitat, cultura, esport i gent gran",participació,Centre,barri,-,viladesalt.cat/participacio,Espai d'escolta veïnal,https://www.viladesalt.cat/participacio/consells-de-barri/ | https://www.canalajuntament.cat/article/lajuntament-de-salt-reactiva-els-consells-de-barri-per-impulsar-la-participacio-ciutadana-4260,consulta 2026-10-06 (dades 2022) | consulta 2026-10-07,verificat,Consell del Barri Centre reactivat: sessió el 12/05/2026 al saló de Plens de l'Ajuntament,,,,sense geolocalizar,GC,CONSELLS;AP26_23
C06,Associació de Veïns del Veïnat,rectangle,social,"Comunitat, cultura, esport i gent gran",veïnal,Veïnat,barri,"C/ Àngel Guimerà, 7",-,Veïnat de la zona Pla de Barris,https://entitats.salt.cat/directori-entitats/,consulta 2026-10-06,verificat,,41.9743449,2.7913511,carrer (aprox.),Salt 1 (més proper; 100 m),GC,ENT
C07,Associació de Veïnes i Veïns del Barri Vell,rectangle,social,"Comunitat, cultura, esport i gent gran",veïnal,Barri Vell,barri,"Pl. de la Vila, 25",-,Veïnal,https://entitats.salt.cat/directori-entitats/,consulta 2026-10-06,verificat,,41.9742567,2.7814262,carrer (aprox.),Salt 2 (més proper; 641 m),GC,ENT
C08,Associació de Veïns Barri dels Escriptors,rectangle,social,"Comunitat, cultura, esport i gent gran",veïnal,Escriptors,barri,-,-,Veïnal,https://entitats.salt.cat/directori-entitats/,consulta 2026-10-06,verificat,,,,,sense geolocalizar,C,ENT
C09,Associació de Veïns de la Massana,rectangle,social,"Comunitat, cultura, esport i gent gran",veïnal,Massana,barri,-,-,Veïnal,https://entitats.salt.cat/directori-entitats/,consulta 2026-10-06,verificat,,,,,sense geolocalizar,GC,ENT
C10,Assoc. Veïns dels Barris d'Esteve Vila a Francesc Macià,rectangle,social,"Comunitat, cultura, esport i gent gran",veïnal,Centre (aprox.),barri,C/ Francesc Macià,-,Veïnal,https://entitats.salt.cat/directori-entitats/,consulta 2026-10-06,verificat,,41.9735502,2.7917647,carrer (aprox.),Salt 1 (més proper; 122 m),C,ENT
C11,Comissió de Festes del Barri de la Processó,rectangle,social,"Comunitat, cultura, esport i gent gran",veïnal/festiu,Processó,barri,"C/ de la Processó, 23",-,Fiestas de barri,https://entitats.salt.cat/directori-entitats/ | https://totsalt.cat/festa-del-barri-de-la-processo-de-salt-2025-tot-a-punt-per-a-un-cap-de-setmana-ple-de-festa/,consulta 2026-10-06 | consulta 2026-10-07,verificat,"Activa: organitzà la Festa del Barri de la Processó (4-6/07/2025, pl. Verdaguer)",41.9741452,2.7838197,portal/edifici (Nominatim),Salt 2 (més proper; 522 m),C,ENT;AP26_78
C12,Federació d'Entitats Socio-Culturals de Salt,rectangle,social,"Comunitat, cultura, esport i gent gran",comunitari,-,municipal,-,"ateneusalt.cat (secció ""La Federació""); coordina el projecte Som de Salt (Comunalitat Urbana)",Paraigua associatiu,https://entitats.salt.cat/directori-entitats/ | https://www.ateneusalt.cat/ca/qui-som1.html,consulta 2026-10-06 | consulta 2026-10-07,verificat,,,,,n/a (servei municipal/supramunicipal o sense adreça pública),C,ENT;AP26_40
C13,"Hotel d'Entitats (C/ Sant Dionís, 42)",rectangle,tècnic,"Comunitat, cultura, esport i gent gran",comunitari,-,municipal,"C/ Sant Dionís, 42",-,"Seu compartida de Càritas, Casal, Nou Sol, DOTA, Valentes... (zona densa)",https://entitats.salt.cat/directori-entitats/ | https://www.caritasgirona.cat/salt,consulta 2026-10-06 | consulta 2026-10-06 (memòria 2025),verificat,,41.9762771,2.7907062,portal Sant Dionís 42 (Nominatim),Salt 1 (més proper; 251 m),GC,ENT;CARITAS
C14,Mas Mota – equipament de barri,rectangle,tècnic,"Comunitat, cultura, esport i gent gran",comunitari,Veïnat,municipal,Pl. Catalunya s/n,viladesalt.cat,"Seu de Acollida, Pla Comunitari, Punt de Voluntariat, Vincle; el Pla de Barris preveu un centre cívic en Pl. Catalunya",https://www.viladesalt.cat/ajuntament/servei-datencio-a-la-ciutadania/adreces-i-telefons-dinteres/ | https://www.infosalt.cat/salt-presenta-el-projecte-del-pla-de-barris-per-transformar-el-sector-centre-i-el-veinat-amb-una-inversio-de-fins-a-25-milions-deuros/,consulta 2026-10-06 | 2026 (convocatòria juliol 2026),verificat,,41.974928,2.8001498,POI OSM Mas Mota,Salt 1 (més proper; 629 m),GC,AJ_ADR;PLABARRIS
C15,Espai Som Salt (antic Tramuntana) i Local de Barri Guimerà 76,rectangle,tècnic,"Comunitat, cultura, esport i gent gran",comunitari,Centre,municipal,"Espai Som Salt: C/ Anselm Clavé, 5 · Local de Barri Guimerà (Centre): C/ Àngel Guimerà, 76 baixos",viladesalt.cat,Locals de barri disponibles per a activitats,https://www.viladesalt.cat/ajuntament/servei-datencio-a-la-ciutadania/adreces-i-telefons-dinteres/ | https://www.viladesalt.cat/faq-items/equipaments-de-barri/,consulta 2026-10-06 | consulta 2026-10-07,verificat,,41.9738371,2.8005053,carrer (aprox.),Salt 1 (més proper; 661 m),C,AJ_ADR;AP26_39
C16,Ateneu Popular Coma Cros,rectangle,social,"Comunitat, cultura, esport i gent gran",comunitari/cultural,Coma Cros,municipal,"C/ Sant Antoni, 1",ateneucomacros.cat,"Formació d'adults, activitats comunitàries",https://www.viladesalt.cat/ajuntament/servei-datencio-a-la-ciutadania/adreces-i-telefons-dinteres/ | https://educacio.viladesalt.cat/wp-content/uploads/2026/02/Sessio-tancament-PES-19-25.pdf,consulta 2026-10-06 | 2026-02,verificat,,41.9776244,2.7964569,POI OSM Coma Cros,Salt 1 (més proper; 475 m),GC,AJ_ADR;PES_TANC
C17,Biblioteca Pública Iu Bohigas i Biblioteca d'en Massagran,rectangle,tècnic,"Comunitat, cultura, esport i gent gran",cultura,Coma Cros / Centre,municipal,"C/ Sant Antoni, 1; C/ Major, 204",bibgirona.cat,"Club de lectura salut, alfabetització en salut; Massagran → futur centre cívic",https://www.viladesalt.cat/ajuntament/servei-datencio-a-la-ciutadania/adreces-i-telefons-dinteres/ | https://educacio.viladesalt.cat/wp-content/uploads/2023/11/AF-GuiaRecursos-Definitiubo.pdf | https://www.infosalt.cat/salt-presenta-el-projecte-del-pla-de-barris-per-transformar-el-sector-centre-i-el-veinat-amb-una-inversio-de-fins-a-25-milions-deuros/,consulta 2026-10-06 | 2023-11-22 | 2026 (convocatòria juliol 2026),verificat,,41.9774484,2.7959196,POI OSM Biblioteca Iu Bohigas,Salt 1 (més proper; 431 m),GCE,AJ_ADR;GUIA;PLABARRIS
C18,"Factoria Cultural Coma Cros, El Canal, Teatre de Salt, Museu de l'Aigua, La Mirona",rectangle,tècnic,"Comunitat, cultura, esport i gent gran",cultura,Coma Cros,municipal,"C/ Sant Antoni, 1 i unes altres",comacros.cat,Equipaments culturals,https://www.viladesalt.cat/ajuntament/servei-datencio-a-la-ciutadania/adreces-i-telefons-dinteres/,consulta 2026-10-06,verificat,,41.9776244,2.7964569,POI OSM Coma Cros,Salt 1 (més proper; 475 m),C,AJ_ADR
C19,Casa de Cultura Les Bernardes / Les Bernardes Espai de Cultura Contemporània,rectangle,tècnic,"Comunitat, cultura, esport i gent gran",cultura,-,supramunicipal,"C/ Major, 172",bernardes.cat,Equipament cultural supramunicipal,https://www.viladesalt.cat/ajuntament/servei-datencio-a-la-ciutadania/adreces-i-telefons-dinteres/ | https://educacio.viladesalt.cat/wp-content/uploads/2023/11/AF-GuiaRecursos-Definitiubo.pdf,consulta 2026-10-06 | 2023-11-22,verificat,,41.9754949,2.7935909,carrer (aprox.),Salt 1 (més proper; 141 m),C,AJ_ADR;GUIA
C20,Mercat Municipal de Salt i Associació de comerciants,rectangle,social,"Comunitat, cultura, esport i gent gran",comerç/alimentació,-,municipal,"Pg. Països Catalans, 192",-,"Alimentació saludable; figurava el 2021 ('Mercat Municipal', 'Mercat dels dimarts')",https://entitats.salt.cat/directori-entitats/ | https://viusalt.cat/informacio-salt-girona-costa-brava/telefons-adreces-serveis-urgencies-salt/ | Foto sociograma CAP Salt 2021 (adjunt de l'usuari),consulta 2026-10-06 | consulta 2026-10-06 | 2021,verificat,,41.9722786,2.7871881,portal/edifici (Nominatim),Salt 2 (més proper; 271 m),GC,ENT;VIUSALT;FOTO2021
C21,Federació Unió d'Empresaris de Salt,rectangle,social,"Comunitat, cultura, esport i gent gran",comerç,-,municipal,-,-,Comerç local,https://entitats.salt.cat/directori-entitats/,consulta 2026-10-06,verificat,,,,,n/a (servei municipal/supramunicipal o sense adreça pública),C,ENT
C22,Centre comercial Espai Gironès,rectangle,social,"Comunitat, cultura, esport i gent gran",comerç,Sud,supramunicipal,"Camí dels Carlins, 10, 17190 Salt",espaigirones.com,Figurava el 2021,Foto sociograma CAP Salt 2021 (adjunt de l'usuari) | https://viusalt.cat/informacio-salt-girona-costa-brava/telefons-adreces-serveis-urgencies-salt/ | https://www.espaigirones.com/ | https://eines.icgc.cat/geocodificador/cerca?text=Cami+dels+Carlins+10%2C+Salt&size=1,2021 | consulta 2026-10-06 | consulta 2026-10-07 | consulta 2026-10-07,verificat,,41.9662233,2.7813995,portal (ICGC),Salt 2 (més proper; 586 m),C,FOTO2021;VIUSALT;AP26_24;AP26_83
C23,CONFAVC – projecte A-Porta (desplegat a Salt des de des. 2025),triangle,social,"Comunitat, cultura, esport i gent gran",veïnal,Centre + Veïnat,supramunicipal,-,confavc.cat · veins@confavc.cat,Organització de comunitats de veïns,https://www.infosalt.cat/salt-presenta-el-projecte-del-pla-de-barris-per-transformar-el-sector-centre-i-el-veinat-amb-una-inversio-de-fins-a-25-milions-deuros/ | https://confavc.cat/noticies/aportaasalt/ | https://www.diaridegirona.cat/girona/2026/07/28/confavc-impulsa-creacio-despais-comunitaris-132879965.html | https://www.diaridegirona.cat/girona/2026/03/12/projecte-veinal-porta-salt-ajuda-127875084.html | https://confavc.cat/noticies/citizen-doors_salt/ | https://totsalt.cat/salt-i-terrassa-participaran-en-un-projecte-europeu-per-reforcar-la-participacio-ciutadana/ | https://a-porta.cat/noticies/tematica/salt/,2026 (convocatòria juliol 2026) | consulta 2026-10-07 | consulta 2026-10-07 | consulta 2026-10-07 | consulta 2026-10-07 | consulta 2026-10-07 | consulta 2026-10-07,verificat,"Estat: desplegat; continuïtat anunciada però no confirmada (1a fase des. 2025 – set. 2026: 821 de 850 llars visitades; nova fase al barri Centre anunciada dins Citizen Doors, sense confirmació pública a 07/10/2026)",,,,n/a (servei municipal/supramunicipal o sense adreça pública),C,PLABARRIS;AP26_25;AP26_26;AP26_67;AP26_68;AP26_69;AP26_70
C24,Caminants la Massana (des de gener 2025),rectangle,social,"Comunitat, cultura, esport i gent gran",esport/salut,Massana,barri,-,-,Caminades setmanals: actiu de salut ideal per a PAFES / 'Caminar',https://www.diaridegirona.cat/girona/2025/09/24/neix-salt-lentitat-caminants-massana-121909661.html,2025-09-24,verificat,,,,,sense geolocalizar,GSC,MASSANA
C25,Associació Salt Fiction (Espai Guimerà 76),rectangle,social,"Comunitat, cultura, esport i gent gran",cultura/educatiu,Centre,municipal,"C/ Àngel Guimerà, 76",-,Lectura; biblioteca escolar,https://entitats.salt.cat/directori-entitats/ | https://puntvoluntariat.viladesalt.cat/les-entitats-de-salt/ | https://educacio.viladesalt.cat/wp-content/uploads/2023/11/AF-GuiaRecursos-Definitiubo.pdf,consulta 2026-10-06 | 2025-10-13 | 2023-11-22,verificat,,41.9741454,2.7900234,portal/edifici (Nominatim),Salt 1 (més proper; 212 m),CE,ENT;PV;GUIA
C26,Agrupament Escoltes i Guies Can Tona / Agrupament Escolta Sant Cugat,rectangle,social,"Comunitat, cultura, esport i gent gran",joventut/oci,-,municipal,-,-,Oci educatiu inclusiu,https://entitats.salt.cat/directori-entitats/ | https://puntvoluntariat.viladesalt.cat/les-entitats-de-salt/,consulta 2026-10-06 | 2025-10-13,verificat,,,,,n/a (servei municipal/supramunicipal o sense adreça pública),CE,ENT;PV
C27,Associació Joves Actius de Salt,rectangle,social,"Comunitat, cultura, esport i gent gran",joventut,-,municipal,-,-,Joves organitzats (entitat del directori municipal),https://entitats.salt.cat/directori-entitats/ | https://entitats.salt.cat/entitat/assoc-joves-actius-de-salt/ | https://xeu.cat/associacio-juvenil-de-teatre-log-out/,consulta 2026-10-06 | consulta 2026-10-07 | consulta 2026-10-07,verificat,Associació Joves Actius de Salt: inscrita al directori municipal d'entitats. L'Associació Juvenil de Teatre LOG OUT té el domicili a Llagostera segons el Registre d'Associacions,,,,n/a (servei municipal/supramunicipal o sense adreça pública),C,ENT;AP26_75;AP26_76
C28,Associació No al Racisme Salt-Girona,rectangle,social,"Comunitat, cultura, esport i gent gran",antiracisme,-,supramunicipal,"C/ Processó, Salt (domicili registral en habitatge; sense número)",-,Convivència,https://entitats.salt.cat/directori-entitats/ | https://xeu.cat/associacio-no-al-racisme-de-salt-girona/ | https://www.vilaweb.cat/noticies/recorren-al-tc-per-la-infiltracio-duna-agent-en-moviments-socials-de-girona/ | https://eines.icgc.cat/geocodificador/cerca?text=Carrer+de+la+Processo%2C+Salt&size=1,consulta 2026-10-06 | consulta 2026-10-07 | consulta 2026-10-07 | consulta 2026-10-07,verificat,"Activa el 2026: és una de les entitats que el febrer de 2026 van presentar un recurs d'empara al TC sobre la infiltració policial, juntament amb la Federació d'Entitats Socioculturals de Salt (C12), entre d'altres",41.9741804,2.7845646,"carrer (aprox., sense número)",Salt 2 (més proper; 503 m),C,ENT;AP26_38;AP26_79;AP26_86
C29,"Colla Castellera Marrecs de Salt, Diables d'en Pere Botero, Banda del Rec, Coral Tribana i altres entitats culturals",rectangle,social,"Comunitat, cultura, esport i gent gran",cultura popular,-,municipal,-,-,"Cohesió, activitat física, pertinença",https://entitats.salt.cat/directori-entitats/ | https://puntvoluntariat.viladesalt.cat/les-entitats-de-salt/,consulta 2026-10-06 | 2025-10-13,verificat,,,,,n/a (servei municipal/supramunicipal o sense adreça pública),C,ENT;PV
C30,"Equipaments juvenils: Estació Jove (PIJ), Fàbrica Jove, Satèl·lit Jove",rectangle,tècnic,"Comunitat, cultura, esport i gent gran",joventut,diverses,municipal,Pg. Països Catalans s/n; C/ Manuel de Falla 26; C/ Dr. Ferran 21,saltjove.cat,Punt d'informació juvenil; Fàbrica Jove al costat del CAP Salt 1,https://www.viladesalt.cat/faq-items/equipaments-juvenils/ | https://educacio.viladesalt.cat/wp-content/uploads/2023/11/AF-GuiaRecursos-Definitiubo.pdf,consulta 2026-10-06 | 2023-11-22,verificat,,41.973339,2.7957503,carrer (aprox.),Salt 1 (més proper; 293 m),GSCE,JOV;GUIA
D01,"Clubs esportius de base (Bàsquet Salt, CF Toni Espinal Saltenc, CF Saltenc, Judo, Boxa, Hoquei, Patinatge, EF Ter-Brugent...)",rectangle,social,"Comunitat, cultura, esport i gent gran",esport,-,municipal,Pavelló Pg. Països Catalans; Martí i Pol 5,-,Activitat física infantojuvenil; 27 entitats esportives en registre,https://entitats.salt.cat/directori-entitats/ | https://puntvoluntariat.viladesalt.cat/les-entitats-de-salt/,consulta 2026-10-06 | 2025-10-13,verificat,,41.9727256,2.7926522,carrer (aprox.),Salt 1 (més proper; 195 m),GC,ENT;PV
D02,Salt Cricket Club,rectangle,social,"Comunitat, cultura, esport i gent gran",esport/migració,-,municipal,"C/ Àngel Guimerà, Salt (domicili registral en habitatge; sense número)",-,Puente amb comunitats del sud d'Àsia,https://entitats.salt.cat/directori-entitats/ | https://entitats.salt.cat/entitat/salt-cricket-club/ | https://www.cricketspain.es/es-es/clubs/salt-cricket-club-league | https://eines.icgc.cat/geocodificador/cerca?text=Carrer+Angel+Guimera%2C+Salt&size=1,consulta 2026-10-06 | consulta 2026-10-07 | consulta 2026-10-07 | consulta 2026-10-07,verificat,"Club llistat com a ""SALT CRICKET CLUB (LEAGUE)"" al web de Cricket España",41.9738247,2.7904665,"carrer (aprox., sense número)",Salt 1 (més proper; 187 m),C,ENT;AP26_27;AP26_28;AP26_87
D03,UFEC – Piscina coberta municipal i Salt Gimnàstic Club,rectangle,social,"Comunitat, cultura, esport i gent gran",esport,-,municipal,"C/ Miquel Martí i Pol, 5",uesports.cat/salt,"Natació, gimnàstica; 'Neda a l'escola'",https://www.viladesalt.cat/ajuntament/servei-datencio-a-la-ciutadania/adreces-i-telefons-dinteres/ | https://entitats.salt.cat/directori-entitats/ | https://www.viladesalt.cat/arees-serveis/area-de-serveis-a-les-persones/servei-desports/,consulta 2026-10-06 | consulta 2026-10-06 | consulta 2026-10-07,verificat,"La Piscina Coberta Municipal (inaugurada el 2004) la gestiona la UFEC; C/ Miquel Martí i Pol, 5; salt@ufec.cat; uesports.cat/salt",41.9696395,2.7825661,portal/edifici (Nominatim),Salt 2 (més proper; 326 m),C,AJ_ADR;ENT;AP26_41
D04,Centre Excursionista Saltenc / Associació Excursionista Xirucaires,rectangle,social,"Comunitat, cultura, esport i gent gran",esport/salut,Barri Vell,municipal,"Pl. de la Vila, 8 (Xirucaires)",-,Caminades,https://entitats.salt.cat/directori-entitats/ | http://xirucairesdesalt.blogspot.com/,consulta 2026-10-06 | consulta 2026-10-07,verificat,Activa el 2026 (Associació Excursionista Xirucaires): sortides publicades de febrer a setembre de 2026; la darrera entrada és del 18/09/2026,41.9742567,2.7814262,carrer (aprox.),Salt 2 (més proper; 641 m),C,ENT;AP26_77
D05,Frodeno Fundació (Pump Track Salt),rectangle,social,"Comunitat, cultura, esport i gent gran",esport/joventut,-,municipal,C/ Miquel Martí i Pol s/n,frodeno.fund,Esport juvenil,https://www.viladesalt.cat/ajuntament/servei-datencio-a-la-ciutadania/adreces-i-telefons-dinteres/ | https://educacio.viladesalt.cat/wp-content/uploads/2023/11/AF-GuiaRecursos-Definitiubo.pdf | https://educacio.viladesalt.cat/pla-educatiu-de-salt/projectes-educatius/acollida-i-proposta-formativa-docents-2/,consulta 2026-10-06 | 2023-11-22 | consulta 2026-10-07,verificat,"Pump Track (des d'abril de 2021) fet amb inversió de la Fundació Frodeno, en conveni amb l'Ajuntament de Salt; fitxa dins els projectes del Pla Educatiu de Salt",41.9683816,2.7829104,carrer (aprox.),Salt 2 (més proper; 340 m),C,AJ_ADR;GUIA;AP26_42
G01,Casal de Jubilats i Simpatitzants de Salt,rectangle,social,"Comunitat, cultura, esport i gent gran",gent gran,-,municipal,"Pg. Verdaguer, 1-3",-,Socialització de majors; petanca Parc Monar,https://www.viladesalt.cat/faq-items/equipaments-per-a-la-gent-gran/ | https://entitats.salt.cat/directori-entitats/,consulta 2026-10-06 | consulta 2026-10-06,verificat,,41.9743944,2.7845971,carrer (aprox.),Salt 2 (més proper; 525 m),GSC,GG;ENT
G02,Associació de Gent Gran Les Bernardes,rectangle,social,"Comunitat, cultura, esport i gent gran",gent gran,-,municipal,"C/ Sant Dionís, 31",-,Gent gran organitzada,https://entitats.salt.cat/directori-entitats/,consulta 2026-10-06,verificat,,41.9753339,2.7882897,carrer (aprox.),Salt 1 (més proper; 365 m),GC,ENT
M01,Associació Dones Gitanes Catalanes,rectangle,social,"Diversitat cultural, religiosa i de gènere",població gitana/dones,-,municipal,"C/ Major, 261",-,"Alfabetització, inserció; repartiment d'aliments; infància 3-15",https://xeu.cat/associacio-dones-gitanes-catalanes/,dades registre 2025-2026,verificat,,41.9762804,2.799484,carrer (aprox.),Salt 1 (més proper; 606 m),GSC,DONESGIT
M02,Associació Cultural del Poble Gitano Rromanipen,rectangle,social,"Diversitat cultural, religiosa i de gènere",població gitana,-,municipal,Pg. Països Catalans,-,Drets i cultura gitana,https://entitats.salt.cat/directori-entitats/ | https://xeu.cat/associacio-cultural-del-poble-gitano-rromanipen/,consulta 2026-10-06 | consulta 2026-10-06,verificat,,41.973339,2.7957503,carrer (aprox.),Salt 1 (més proper; 293 m),GSC,ENT;GITANO
M03,Associació Veus de Dones Fluides,rectangle,social,"Diversitat cultural, religiosa i de gènere",dona / feminisme,-,municipal,"C/ Ramon Sambola, Salt (domicili en habitatge; sense número)",veusdedones.cat · veusdedones17@gmail.com,Per definir,https://entitats.salt.cat/directori-entitats/ | https://xeu.cat/associacio-veus-de-dones-fluides/ | https://veusdedones.cat/ | https://entitats.salt.cat/entitat/associacio-veus-de-dones-fluides/,consulta 2026-10-06 | consulta 2026-10-07 | consulta 2026-10-07 | consulta 2026-10-07,verificat,"Dona / feminisme: dona veu a les dones, combat el patriarcat i crea xarxes de suport; fa un programa de ràdio a Ràdio Salt 97.7",41.9737611,2.7906448,"carrer (aprox., sense número)",Salt 1 (més proper; 177 m),C,ENT;AP26_29;AP26_30;AP26_31
M04,Associació Dones de Demba Kunda a Catalunya,rectangle,social,"Diversitat cultural, religiosa i de gènere",dones migrades,-,municipal,"C/ Josep Torres i Bages, Salt (domicili registral en habitatge; sense número)",-,Dones d'origen gambiano/senegalès (a validar),https://xeu.cat/associacio-dones-gitanes-catalanes/ | https://xeu.cat/associacio-dones-de-demba-kunda-a-catalunya/ | https://eines.icgc.cat/geocodificador/cerca?text=Torras+i+Bages%2C+Salt&size=1,dades registre 2025-2026 | consulta 2026-10-07 | consulta 2026-10-07,verificat,"Inscrita al Registre d'Associacions de la Generalitat, núm. 53571 (08/07/2014), població Salt; finalitat: suport a dones originàries de Demba Kunda (Gàmbia) residents a Catalunya",41.9730556,2.7898169,"carrer (aprox., sense número)",Salt 1 (més proper; 276 m),C,DONESGIT;AP26_32;AP26_89
MG01,Associació Joves Gambians,rectangle,social,"Diversitat cultural, religiosa i de gènere",migració,-,municipal,-,entitats.salt.cat/entitat/assoc-joves-gambians,Associació de base (Gàmbia); pont cultural per a mediació i difusió de salut,https://entitats.salt.cat/directori-entitats/,consulta 2026-10-06,verificat,,,,,n/a (servei municipal/supramunicipal o sense adreça pública),GC,ENT
MG02,Ajuda Humanitària de Gàmbia – ASAGA,rectangle,social,"Diversitat cultural, religiosa i de gènere",migració,-,municipal,-,entitats.salt.cat/entitat/ajuda-humanit%c2%85ria-gambia,Associació de base (Gàmbia); pont cultural per a mediació i difusió de salut,https://entitats.salt.cat/directori-entitats/,consulta 2026-10-06,verificat,,,,,n/a (servei municipal/supramunicipal o sense adreça pública),C,ENT
MG03,Assoc. de Malians i Malianes de Salt i les comarques gironines,rectangle,social,"Diversitat cultural, religiosa i de gènere",migració,-,municipal,-,entitats.salt.cat/entitat/assoc-de-malians-i-malianes-de-salt,Associació de base (Mali); pont cultural per a mediació i difusió de salut,https://entitats.salt.cat/directori-entitats/,consulta 2026-10-06,verificat,,,,,n/a (servei municipal/supramunicipal o sense adreça pública),GC,ENT
MG04,Assoc. Cultural de Comunitats Soninkara,rectangle,social,"Diversitat cultural, religiosa i de gènere",migració,-,municipal,-,entitats.salt.cat/entitat/assoc-cultural-de-comunitats-soninkara,Associació de base (Soninké (Mali/Gàmbia/Senegal)); pont cultural per a mediació i difusió de salut,https://entitats.salt.cat/directori-entitats/,consulta 2026-10-06,verificat,,,,,n/a (servei municipal/supramunicipal o sense adreça pública),GC,ENT
MG05,Associació Fulbe Fuladu Kolda,rectangle,social,"Diversitat cultural, religiosa i de gènere",migració,-,municipal,-,entitats.salt.cat/entitat/associacio-fulbe-fuladu-kolda,Associació de base (el Senegal (fulbe)); pont cultural per a mediació i difusió de salut,https://entitats.salt.cat/directori-entitats/,consulta 2026-10-06,verificat,,,,,n/a (servei municipal/supramunicipal o sense adreça pública),C,ENT
MG06,Assoc. pel Desenvolupament Fouladou Senegal,rectangle,social,"Diversitat cultural, religiosa i de gènere",migració,-,municipal,-,entitats.salt.cat/entitat/assoc-pel-desenvolupament-fouladou-senegal,Associació de base (el Senegal); pont cultural per a mediació i difusió de salut,https://entitats.salt.cat/directori-entitats/,consulta 2026-10-06,verificat,,,,,n/a (servei municipal/supramunicipal o sense adreça pública),C,ENT
MG07,Associació de Treballadors Africans Garawol,rectangle,social,"Diversitat cultural, religiosa i de gènere",migració,-,municipal,-,entitats.salt.cat/entitat/associacio-de-treballadors-africans-garawol,Associació de base (Àfrica occidental); pont cultural per a mediació i difusió de salut,https://entitats.salt.cat/directori-entitats/,consulta 2026-10-06,verificat,,,,,n/a (servei municipal/supramunicipal o sense adreça pública),C,ENT
MG08,Assoc. de Hondureños de Girona,rectangle,social,"Diversitat cultural, religiosa i de gènere",migració,-,municipal,-,entitats.salt.cat/entitat/assoc-de-hondure%c2%a4os-de-girona,Associació de base (Hondures); pont cultural per a mediació i difusió de salut,https://entitats.salt.cat/directori-entitats/,consulta 2026-10-06,verificat,,,,,n/a (servei municipal/supramunicipal o sense adreça pública),GC,ENT
MG09,Associació de Peruans a Girona,rectangle,social,"Diversitat cultural, religiosa i de gènere",migració,-,municipal,-,entitats.salt.cat/entitat/associacio-de-peruans-a-girona,Associació de base (el Perú); pont cultural per a mediació i difusió de salut,https://entitats.salt.cat/directori-entitats/,consulta 2026-10-06,verificat,,,,,n/a (servei municipal/supramunicipal o sense adreça pública),C,ENT
MG10,Associació Cultural Tardes Colombianas,rectangle,social,"Diversitat cultural, religiosa i de gènere",migració,-,municipal,-,entitats.salt.cat/entitat/associacio-cultural-tardes-colombianas,Associació de base (Colòmbia); pont cultural per a mediació i difusió de salut,https://entitats.salt.cat/directori-entitats/,consulta 2026-10-06,verificat,,,,,n/a (servei municipal/supramunicipal o sense adreça pública),C,ENT
MG11,Nigeria Youth Association Girona,rectangle,social,"Diversitat cultural, religiosa i de gènere",migració,-,municipal,-,entitats.salt.cat/entitat/asociacion-nigeria-youth-association,Associació de base (Nigèria); pont cultural per a mediació i difusió de salut,https://entitats.salt.cat/directori-entitats/,consulta 2026-10-06,verificat,,,,,n/a (servei municipal/supramunicipal o sense adreça pública),C,ENT
MG12,Associació Cultural i de suport als Nigerians Edo State Union,rectangle,social,"Diversitat cultural, religiosa i de gènere",migració,-,municipal,-,entitats.salt.cat/entitat/associaci%c2%a2-cultural-als-nigerians-edo-state,Associació de base (Nigèria); pont cultural per a mediació i difusió de salut,https://entitats.salt.cat/directori-entitats/,consulta 2026-10-06,verificat,,,,,n/a (servei municipal/supramunicipal o sense adreça pública),C,ENT
MG13,Associació de Benestar i Cultura de Ghana de Girona,rectangle,social,"Diversitat cultural, religiosa i de gènere",migració,-,municipal,-,entitats.salt.cat/entitat/associacio-de-benestar-i-cultura-de-ghana-de-girona,Associació de base (Ghana); pont cultural per a mediació i difusió de salut,https://entitats.salt.cat/directori-entitats/,consulta 2026-10-06,verificat,,,,,n/a (servei municipal/supramunicipal o sense adreça pública),C,ENT
MG14,Associació Camerunes de Girona i Amics,rectangle,social,"Diversitat cultural, religiosa i de gènere",migració,-,municipal,-,entitats.salt.cat/entitat/associaci%c2%a2-camerunes-de-girona-i-amics,Associació de base (Camerun); pont cultural per a mediació i difusió de salut,https://entitats.salt.cat/directori-entitats/,consulta 2026-10-06,verificat,,,,,n/a (servei municipal/supramunicipal o sense adreça pública),C,ENT
MG15,Associació de Magrebins per la Pau,rectangle,social,"Diversitat cultural, religiosa i de gènere",migració,-,municipal,-,entitats.salt.cat/entitat/associaci%c2%a2-de-magrebins-per-la-pau,Associació de base (Magreb); pont cultural per a mediació i difusió de salut,https://entitats.salt.cat/directori-entitats/,consulta 2026-10-06,verificat,,,,,n/a (servei municipal/supramunicipal o sense adreça pública),GC,ENT
MG16,Associació Cultural Al Hilal Girona,rectangle,social,"Diversitat cultural, religiosa i de gènere",migració,-,municipal,-,entitats.salt.cat/entitat/associaci%c2%a2-cultural-al-hilal-girona,Associació de base (Magreb (a validar)); pont cultural per a mediació i difusió de salut,https://entitats.salt.cat/directori-entitats/,consulta 2026-10-06,verificat,,,,,n/a (servei municipal/supramunicipal o sense adreça pública),C,ENT
MG17,Associació de Joves Immigrants del Gironès,rectangle,social,"Diversitat cultural, religiosa i de gènere",migració,-,municipal,-,entitats.salt.cat/entitat/associacio-de-joves-immigrants-del-girones,Associació de base (Joves migrats); pont cultural per a mediació i difusió de salut,https://entitats.salt.cat/directori-entitats/,consulta 2026-10-06,verificat,,,,,n/a (servei municipal/supramunicipal o sense adreça pública),GC,ENT
MG18,Associació per la Repatriació dels Morts,rectangle,social,"Diversitat cultural, religiosa i de gènere",migració,-,municipal,-,entitats.salt.cat/entitat/associaci%c2%a2-per-la-repatriaci%c2%a2-dels-morts,Associació de base (Dol migratori); pont cultural per a mediació i difusió de salut,https://entitats.salt.cat/directori-entitats/,consulta 2026-10-06,verificat,,,,,n/a (servei municipal/supramunicipal o sense adreça pública),C,ENT
R01,Comunitat Islàmica de Salt (mesquita),rectangle,social,"Diversitat cultural, religiosa i de gènere",religiós,-,municipal,"C/ Rafael Masó, 14, baixos 1a, Salt",comunitatislamicadesalt@gmail.com,"Gran capacitat de convocatòria; potencial per a campanyes (p. ex. Ramadà i diabetis, vacunació)",https://entitats.salt.cat/entitat-tax/religiosa/ | https://entitats.salt.cat/entitat/comunitat-isl%c2%85mica-de-salt/,consulta 2026-10-06 | consulta 2026-10-07,verificat,Direcció segons registre estatal/MAPER; validar,41.9707917,2.7874947,portal/edifici (Nominatim),Salt 2 (més proper; 129 m),GSC,ENT_REL;AP26_33
R02,Centro Islámico Mohammed y Sucesores,rectangle,social,"Diversitat cultural, religiosa i de gènere",religiós,Centre (aprox.),municipal,"C/ President Francesc Macià, 10",entitats.salt.cat,Convocatòria comunitària,https://entitats.salt.cat/entitat-tax/religiosa/ | https://entitats.salt.cat/directori-entitats/,consulta 2026-10-06 | consulta 2026-10-06,verificat,,41.9742208,2.791465,portal/edifici (Nominatim),Salt 1 (més proper; 94 m),GC,ENT_REL;ENT
R03,Comunidad Islámica Tijani,rectangle,social,"Diversitat cultural, religiosa i de gènere",religiós,-,municipal,"C/ Sant Romà, 63",entitats.salt.cat,Comunitat d'origen subsaharià,https://entitats.salt.cat/entitat-tax/religiosa/ | https://entitats.salt.cat/directori-entitats/,consulta 2026-10-06 | consulta 2026-10-06,verificat,,41.9749668,2.7975915,carrer (aprox.),Salt 1 (més proper; 419 m),GC,ENT_REL;ENT
R04,Federación de Comunidades Musulmanas Africanas de Cataluña,triangle,social,"Diversitat cultural, religiosa i de gènere",religiós,-,supramunicipal,"C/ Rafael Masó, 14",entitats.salt.cat,Federació amb seu a Salt: alt poder de convocatòria,https://entitats.salt.cat/entitat-tax/religiosa/ | https://entitats.salt.cat/directori-entitats/,consulta 2026-10-06 | consulta 2026-10-06,verificat,,41.9707917,2.7874947,portal/edifici (Nominatim),Salt 2 (més proper; 129 m),GC,ENT_REL;ENT
R05,Comunitat Religiosa de Mali,rectangle,social,"Diversitat cultural, religiosa i de gènere",religiós,-,municipal,-,entitats.salt.cat,Comunitat religiosa maliana,https://entitats.salt.cat/entitat-tax/religiosa/,consulta 2026-10-06,verificat,,,,,n/a (servei municipal/supramunicipal o sense adreça pública),C,ENT_REL
R06,Centro Islámico Imam Malik,rectangle,social,"Diversitat cultural, religiosa i de gènere",religiós,-,municipal,Polígon Torre Mirona,-,Mesquita del Polígon Torre Mirona (oberta el 2015),https://mappesp.com/salt-centro-religioso.html | https://www.ara.cat/societat/mesquita-salt-obre-portes_1_1851441.html | https://www.diaridegirona.cat/comarques/2020/03/14/mesquita-salt-tanca-portes-per-48732945.html | https://islamcat.org/gran-festa-de-fi-de-curs-2025-al-centre-imam-malik-de-salt-un-homenatge-a-lexcellencia-educativa-i-els-valors-comunitaris/,consulta 2026-10-06 | consulta 2026-10-07 | consulta 2026-10-07 | consulta 2026-10-07,verificat,Activa: festa de fi de curs 2025 del Centre Imam Malik,,,zona (Polígon Torre Mirona; sense coordenades verificades),sense geolocalitzar,C,MOSQUE_IM;AP26_34;AP26_35;AP26_36
R07,Gurdwara Kalgidhar Sahib Ji (sikh),rectangle,social,"Diversitat cultural, religiosa i de gènere",religiós,Centre (aprox.),municipal,"C/ Major, 125",entitats.salt.cat,Comunitat sikh (Panjab); langar comunitari,https://entitats.salt.cat/entitat-tax/religiosa/ | https://entitats.salt.cat/directori-entitats/,consulta 2026-10-06 | consulta 2026-10-06,verificat,,41.9754949,2.7935909,carrer (aprox.),Salt 1 (més proper; 141 m),GC,ENT_REL;ENT
R08,Església Evangèlica 'Cristo Viene a las Naciones',rectangle,social,"Diversitat cultural, religiosa i de gènere",religiós,-,municipal,"C/ Major, 11",entitats.salt.cat,Església evangèlica,https://entitats.salt.cat/entitat-tax/religiosa/ | https://entitats.salt.cat/directori-entitats/,consulta 2026-10-06 | consulta 2026-10-06,verificat,,41.9762289,2.7997435,portal/edifici (Nominatim),Salt 1 (més proper; 624 m),GC,ENT_REL;ENT
R09,Iglesia de Dios – Centre Cristià FEAM Salt,rectangle,social,"Diversitat cultural, religiosa i de gènere",religiós,-,municipal,"C/ Sant Dionís, 42",entitats.salt.cat,Església evangèlica (Hotel d'Entitats),https://entitats.salt.cat/entitat-tax/religiosa/ | https://entitats.salt.cat/directori-entitats/,consulta 2026-10-06 | consulta 2026-10-06,verificat,,41.9762771,2.7907062,portal Sant Dionís 42 (Nominatim),Salt 1 (més proper; 251 m),C,ENT_REL;ENT
R10,Parròquies catòliques de Sant Cugat i Sant Jaume (+ Càritas parroquial),rectangle,social,"Diversitat cultural, religiosa i de gènere",religiós,Barri Vell / Centre,municipal,"C/ Llarg, 56; Pl. Pau Casals",-,Base de Càritas Salt,https://viusalt.cat/informacio-salt-girona-costa-brava/telefons-adreces-serveis-urgencies-salt/ | https://www.caritasgirona.cat/salt,consulta 2026-10-06 | consulta 2026-10-06 (memòria 2025),verificat,,41.9747741,2.7848274,portal/edifici (Nominatim),Salt 2 (més proper; 560 m),GC,VIUSALT;CARITAS
X01,Joves 16-20 sense vincle formatiu ni laboral (incl. retornats i nouvinguts),cercle,social,Població no organitzada,joventut,-,tots dos CAP,-,-,"49,9% de joves sense estudis postobligatoris (IST); sense recurs específic d'acolliment formatiu",https://educacio.viladesalt.cat/wp-content/uploads/2023/11/AF-GuiaRecursos-Definitiubo.pdf | https://www.gerio.cat/noticia/1735699/salt-i-sant-pere-pescador-entre-els-municipis-amb-menor-index-socioeconomic-de-catalunya,2023-11-22 | 2026-03-18,verificat,,,,,n/a (servei municipal/supramunicipal o sense adreça pública),GSCE,GUIA;GERIO_IST
X02,Dones migrades nouvingudes / amb barrera idiomàtica,cercle,social,Població no organitzada,dones/migració,-,tots dos CAP,-,-,"Accés a ASSIR, pediatria, criança; dol migratori",https://www.casaldelsinfants.org/on-treballem/salt/ | https://educacio.viladesalt.cat/wp-content/uploads/2023/11/AF-GuiaRecursos-Definitiubo.pdf | https://www.ateneusalt.cat/ca/actualitat/188-textual-texitl-un-projecte-pioner-per-aprendr.html,consulta 2026-10-06 | 2023-11-22 | consulta 2026-10-07,probable,"L'associació DOTA (T05) fa tallers de lectoescriptura en català per a 'dones migrants gens o poc alfabetitzades' (projecte Textual-Tèxtil, amb l'Ateneu Popular)",,,,n/a (servei municipal/supramunicipal o sense adreça pública),GSC,CASAL;GUIA;AP26_74
X03,Persones grans soles / solitud no desitjada,cercle,social,Població no organitzada,gent gran,-,tots dos CAP,-,-,2.055 llars unipersonals (2021); objectiu de Envelliment Km 0,https://www.idescat.cat/emex/?id=171557 | https://www.cbs.cat/envelliment-quilometre-zero/,"dades 2023-2025, consulta 2026-10-06 | consulta 2026-10-06",verificat,,,,,n/a (servei municipal/supramunicipal o sense adreça pública),GSC,IDESCAT;CBS_KM0
X04,Població gitana no organitzada (absentisme escolar en primària),cercle,social,Població no organitzada,població gitana,-,tots dos CAP,-,-,Diagnosi PES 2018 detecta absentisme concentrat,https://educacio.viladesalt.cat/wp-content/uploads/2026/02/Sessio-tancament-PES-19-25.pdf,2026-02,probable,Dada d'absentisme de 2017-18; actualitzar,,,,n/a (servei municipal/supramunicipal o sense adreça pública),GSCE,PES_TANC
X05,Famílies amb privació material (usuàries de CDA i ajudes),cercle,social,Població no organitzada,social,-,tots dos CAP,-,-,"Renda disponible 13.633 €/hab (65,6% de Catalunya)",https://www.idescat.cat/emex/?id=171557 | https://www.cbs.cat/centre-de-distribucio-daliments-salt/,"dades 2023-2025, consulta 2026-10-06 | consulta 2026-10-06",verificat,,,,,n/a (servei municipal/supramunicipal o sense adreça pública),GSC,IDESCAT;CBS_CDA
X06,Infància 0-3 no escolaritzada i les seves famílies,cercle,social,Població no organitzada,infància,-,tots dos CAP,-,-,Objectiu de Saltem a l'Escola i Taula petita infància,https://educacio.viladesalt.cat/wp-content/uploads/2026/02/Sessio-tancament-PES-19-25.pdf,2026-02,verificat,,,,,n/a (servei municipal/supramunicipal o sense adreça pública),GSE,PES_TANC
X07,"Adolescents a l'espai públic (places, parcs)",cercle,social,Població no organitzada,joventut,-,tots dos CAP,-,-,"Objectiu de Tarda Oberta, Juguem?, Satèl·lit Jove",https://educacio.viladesalt.cat/wp-content/uploads/2023/11/AF-GuiaRecursos-Definitiubo.pdf | https://juguem.viladesalt.cat/,2023-11-22 | consulta 2026-10-06,verificat,,,,,n/a (servei municipal/supramunicipal o sense adreça pública),GCE,GUIA;JUGUEM
X08,Persones sense llar / infrahabitatge,cercle,social,Població no organitzada,social/habitatge,-,tots dos CAP,-,-,"Creu Roja, Càritas (Llaços, PATI)",https://puntvoluntariat.viladesalt.cat/les-entitats-de-salt/ | https://www.caritasgirona.cat/salt,2025-10-13 | consulta 2026-10-06 (memòria 2025),verificat,,,,,n/a (servei municipal/supramunicipal o sense adreça pública),GC,PV;CARITAS
X09,Pacients crònics complexos i MACA (~1.600 alt risc a l'EAP),cercle,social,Població no organitzada,salut,-,tots dos CAP,-,-,Focus CSIR,https://www.diaridegirona.cat/girona/2025/07/09/salt-lidera-transformacio-sistema-sanitari-119520615.html,2025-07-09,verificat,,,,,n/a (servei municipal/supramunicipal o sense adreça pública),GS,DDG_CSIR
X10,Famílies en procés de desnonament,cercle,social,Població no organitzada,habitatge,Centre + Veïnat,tots dos CAP,-,-,Pla socioeducatiu previst al Pla de Barris,https://www.infosalt.cat/salt-presenta-el-projecte-del-pla-de-barris-per-transformar-el-sector-centre-i-el-veinat-amb-una-inversio-de-fins-a-25-milions-deuros/,2026 (convocatòria juliol 2026),verificat,,,,,n/a (servei municipal/supramunicipal o sense adreça pública),GC,PLABARRIS
X11,Homes joves migrats solos (incl. extutelats),cercle,social,Població no organitzada,migració,-,tots dos CAP,-,-,Hipòtesi: població estrangera masculina > femenina (7.404 vs 5.423),https://www.idescat.cat/emex/?id=171557,"dades 2023-2025, consulta 2026-10-06",a validar,Perfil a validar amb Serveis Socials/Acollida,,,,n/a (servei municipal/supramunicipal o sense adreça pública),GC,IDESCAT
X12,"Comunitat marroquina no associada (4.694 persones de nacionalitat marroquina, padró 01/01/2024 segons premsa)",cercle,social,Població no organitzada,migració,-,tots dos CAP,-,-,Primera nacionalitat estrangera; poques associacions formals visibles,https://educacio.viladesalt.cat/wp-content/uploads/2023/11/AF-GuiaRecursos-Definitiubo.pdf | https://www.diaridegirona.cat/girona/2024/05/26/salt-municipi-les-89-nacionalitats-102904666.html,2023-11-22 | consulta 2026-10-07,verificat,4.694 persones de nacionalitat marroquina (padró a 01/01/2024),,,,n/a (servei municipal/supramunicipal o sense adreça pública),GSC,GUIA;AP26_73
X13,"Comunitat hondurenya i llatinoamericana recent (1.690 persones d'Hondures, padró 01/01/2024)",cercle,social,Població no organitzada,migració,-,tots dos CAP,-,-,Segona nacionalitat; moltes dones cuidadores (hipòtesi),https://educacio.viladesalt.cat/wp-content/uploads/2023/11/AF-GuiaRecursos-Definitiubo.pdf | https://www.diaridegirona.cat/girona/2024/05/26/salt-municipi-les-89-nacionalitats-102904666.html,2023-11-22 | consulta 2026-10-07,probable,1.690 persones de nacionalitat hondurenya a Salt (padró a 01/01/2024); és la segona nacionalitat estrangera,,,,n/a (servei municipal/supramunicipal o sense adreça pública),GSC,GUIA;AP26_73
X14,Persones amb consum de drogues / addiccions,cercle,social,Població no organitzada,salut/addiccions,-,tots dos CAP,-,-,Programes metadona i intercanvi xeringues a l'EAP,https://icsgirona.cat/ca/eap-salt,consulta 2026-10-06,verificat,,,,,n/a (servei municipal/supramunicipal o sense adreça pública),GS,ICS
X15,Dones i nenes en risc de matrimoni forçat / violències,cercle,social,Població no organitzada,dones,-,tots dos CAP,-,-,"Valentes i Acompanyades, SIE",https://entitats.salt.cat/directori-entitats/ | https://www.cbs.cat/sie/,consulta 2026-10-06 | consulta 2026-10-06,verificat,,,,,n/a (servei municipal/supramunicipal o sense adreça pública),GC,ENT;CBS_SIE
E00,"Centres educatius de Salt (4 EB/llars, 12 escoles, 1 CEE, 3 instituts)",rectangle,tècnic,Educació,educatiu,tot Salt,municipal,diverses,educacio.viladesalt.cat/ome/mapa-de-centres-educatius-de-salt,Agregador de tots els centres (vegeu la vista educativa),https://educacio.viladesalt.cat/ome/mapa-de-centres-educatius-de-salt/ | https://educacio.viladesalt.cat/faq-items/centres-educatius/,consulta 2026-10-06 | consulta 2026-10-06,verificat,,,,,n/a (servei municipal/supramunicipal o sense adreça pública),GE,EDU_MAPA;EDU_CENTRES
MG00,Associacions de persones migrades (~35 al registre municipal),rectangle,social,"Diversitat cultural, religiosa i de gènere",migració,tot Salt,municipal,diverses,entitats.salt.cat,Agregador (vegeu la vista comunitària i annex de registre),https://entitats.salt.cat/directori-entitats/,consulta 2026-10-06,verificat,,,,,n/a (servei municipal/supramunicipal o sense adreça pública),G,ENT
R00,"Comunitats religioses (mesquites/oratoris, gurdwara sikh, esglésies evangèliques, parròquies)",rectangle,social,"Diversitat cultural, religiosa i de gènere",religiós,tot Salt,municipal,diverses,entitats.salt.cat/entitat-tax/religiosa,"Agregador; el 2018: 2 parròquies, 2 esglésies evangèliques, 2 mesquites, 5 oratoris, 1 gurdwara",https://entitats.salt.cat/entitat-tax/religiosa/ | https://totsalt.cat/diversitat-religiosa-a-salt/,consulta 2026-10-06 | 2018-11-09,verificat,,,,,n/a (servei municipal/supramunicipal o sense adreça pública),G,ENT_REL;RELIG2018
S32,COMSalut Salt (2017) – Comissió de Salut del Pla Comunitari,rectangle,tècnic,Salut,salut comunitària,tot Salt,municipal,-,govern.cat (nota 2017),"Primer COMSalut de la demarcació: EAP + Ajuntament + ASPCAT + CBSGS + Pla Comunitari; diagnòstic qualitatiu (15 grups focals, no verificat) i priorització 2017 NO publicada",https://govern.cat/gov/notes-premsa/300120/salt-desplega-el-projecte-comsalut-amb-la-participacio-de-diversos-collectius-socials-de-la-vila | https://pcdesalt.wixsite.com/pcdesalt/sobre-el-pla-comunitari | https://www.diaridegirona.cat/girona/2025/07/09/salt-lidera-transformacio-sistema-sanitari-119520615.html,2017 | consulta 2026-10-06 (sense data) | consulta 2026-10-07,verificat,Procés històric; resultats no oberts; vigència a validar · La comissió de salut comunitària de l'EAP s'ha reactivat (2025) amb un model descentralitzat de taules comunitàries municipals,,,,n/a (servei municipal/supramunicipal o sense adreça pública),GSC,COMSALUT;PC;DDG_CSIR
S33,Programa Nens en moviment (EAP),rectangle,tècnic,Salut,salut/infància,-,tots dos CAP,-,icsgirona.cat/ca/eap-salt,"Intervenció grupal en obesitat infantil (obesitat 0-14 atesa en AP: 8,6% vs 5,2% Cat.)",https://icsgirona.cat/ca/eap-salt | https://aquas-gencat.shinyapps.io/salutcomunitaria/,"consulta 2026-10-06 | 3a ed. 2025, dades 2022 (export 06/10/2026)",verificat,,,,,n/a (servei municipal/supramunicipal o sense adreça pública),SE,ICS;AQUAS
S34,Punt Jove de Salut / VIP Premium (ApS) – Pla de Salut Jove,rectangle,tècnic,Salut,salut/joventut,-,municipal,"Estació Jove, Pg. dels Països Catalans s/n, Salt (mateix horari que l'Estació Jove)",salut@saltjove.cat,Recursos de salut jove del Pla Local de Joventut 2020-23; vigència 2024-27 a validar,"https://www.viladesalt.cat/wp-content/uploads/2021/01/PLA_LOCAL_DE_JOVENTUT_2020-23.pdf | https://www.viladesalt.cat/arees-serveis/area-de-serveis-a-les-persones/joventut/ | https://pam.viladesalt.cat/els-plans-de-salt/pla-local-de-joventut-de-salt-2020-2023 | https://nominatim.openstreetmap.org/search?q=Estaci%C3%B3+Jove,+Salt&format=jsonv2&limit=3",2021 | consulta 2026-10-07 | consulta 2026-10-07 | consulta 2026-10-07,verificat,VIP Premium = projecte d'Aprenentatge Servei (ApS) del Pla de Salut Jove (Pla Local de Joventut 2020-23),41.9730481,2.7948784,aproximada (parada de bus homònima),Salt 1 (més proper; 249 m),SCE,PLJ2023;JOV_SALUT;AP26_37;AP26_92
SS26,Taula d'Acollida de Salt,rectangle,tècnic,Serveis municipals i socials,acolliment,-,municipal,-,-,"Taula convocada pels tècnics d'Acollida de l'Ajuntament; l'EAP hi participa amb RBEC en tres comissions de treball (recursos per a persones migrants, perspectiva comunitària i accés del veïnat)","Memòria anual Comissió Comunitària EAP Salt 2025 (ICS, document intern) | https://www.resilis.org/primera-taula-dacollida-de-2026-a-salt/",2026-01 (document intern) | 2026,verificat,"Memòria 2025, p. 2, 8-9 i 28",,,,n/a (servei municipal/supramunicipal o sense adreça pública),GSC,MEM25;TAULA_ACOLL
SS27,Taula de petita infància de Salt,rectangle,tècnic,Serveis municipals i socials,infància,-,municipal,-,-,Taula 0-3 convocada pel Servei Materno del CBSGS,"Memòria anual Comissió Comunitària EAP Salt 2025 (ICS, document intern)",2026-01 (document intern),verificat,"Memòria 2025, p. 2 i 28",,,,n/a (servei municipal/supramunicipal o sense adreça pública),GSE,MEM25
SS28,Taula de violència de gènere (VG) de Salt,rectangle,tècnic,Serveis municipals i socials,dones/violència,-,municipal,-,-,Taula de coordinació en violència de gènere,"Memòria anual Comissió Comunitària EAP Salt 2025 (ICS, document intern)",2026-01 (document intern),verificat,"Memòria 2025, p. 2; convocant no especificat",,,,n/a (servei municipal/supramunicipal o sense adreça pública),GSC,MEM25
SS29,Taula de Soledat no volguda de Salt,rectangle,tècnic,Serveis municipals i socials,gent gran,-,municipal,-,-,"Taula convocada per Gent Gran del CBSGS (Pla Local d'Envelliment); l'EAP hi participa amb Fisio APiC, INF i MG","Memòria anual Comissió Comunitària EAP Salt 2025 (ICS, document intern)",2026-01 (document intern),verificat,"Memòria 2025, p. 2, 11 i 28",,,,n/a (servei municipal/supramunicipal o sense adreça pública),GSC,MEM25
SS30,Taula FiL de Salt,rectangle,tècnic,Serveis municipals i socials,comunitari,-,municipal,-,-,Taula plenària en què participa l'EAP (RBEC i INF); la Memòria no en desplega el nom,"Memòria anual Comissió Comunitària EAP Salt 2025 (ICS, document intern)",2026-01 (document intern),verificat,"Memòria 2025, p. 2 i 8",,,,n/a (servei municipal/supramunicipal o sense adreça pública),GSC,MEM25
S41,Fisioteràpia APiC – EAP Salt,rectangle,tècnic,Salut,salut,-,tots dos CAP,CAP Salt 1 / Salt 2,-,"Grupals de lumbàlgia, gonàlgia, cervicàlgia, espatlla, fragilitat i Escola d'esquena; SAFIS i tallers al Casal dels Infants","Memòria anual Comissió Comunitària EAP Salt 2025 (ICS, document intern)",2026-01 (document intern),verificat,"Memòria 2025, p. 2, 10-11 i 20-22",,,,n/a (servei municipal/supramunicipal o sense adreça pública),GS,MEM25
S42,Dietista-nutricionista (D-N) – EAP Salt,rectangle,tècnic,Salut,salut,-,tots dos CAP,CAP Salt 1 / Salt 2,-,"Tallers d'alimentació a instituts i a l'Estació Jove; grupals Famílies saludables, Boques sanes i Cuidem-nos","Memòria anual Comissió Comunitària EAP Salt 2025 (ICS, document intern)",2026-01 (document intern),verificat,"Memòria 2025, p. 2, 9-11, 14 i 19-20",,,,n/a (servei municipal/supramunicipal o sense adreça pública),GSE,MEM25
S43,Odontologia i higiene bucodental – EAP Salt,rectangle,tècnic,Salut,salut,-,tots dos CAP,CAP Salt 1 / Salt 2,-,Tallers de raspallada a escoles de Salt i grupal Boques sanes; recerca en salut bucodental comunitària,"Memòria anual Comissió Comunitària EAP Salt 2025 (ICS, document intern)",2026-01 (document intern),verificat,"Memòria 2025, p. 2, 5, 14 i 19",,,,n/a (servei municipal/supramunicipal o sense adreça pública),GSE,MEM25
S44,EPAC Mutuam – equip psicològic d'atenció a la cronicitat,rectangle,tècnic,Salut,salut mental,-,tots dos CAP,CAP Salt 1,-,Atenció psicològica a la cronicitat amb presència al CAP Salt 1,"Memòria anual Comissió Comunitària EAP Salt 2025 (ICS, document intern) | Foto sociograma CAP Salt 2021 (adjunt de l'usuari) | https://eines.icgc.cat/geocodificador/cerca?text=Carrer+Manuel+de+Falla+34%2C+Salt&size=1",2026-01 (document intern) | 2021 | consulta 2026-10-07,verificat,"Memòria 2025, p. 32",41.9744843,2.7925568,edifici (heretat de S01) (ICGC),Salt 1 (més proper; 0 m),GS,MEM25;FOTO2021;AP26_90
T27,Comunitats contra l'aïllament,rectangle,social,Tercer sector,gent gran/comunitari,-,municipal,-,-,Servei contra la soledat no volguda; amb el Casal Cívic ha assumit el grup de dones amb soledat no volguda iniciat pel CAP (amb el suport de la Fundació «la Caixa» al Compartim Salut),"Memòria anual Comissió Comunitària EAP Salt 2025 (ICS, document intern)",2026-01 (document intern),verificat,"Memòria 2025, p. 4, 22 i 31",,,,n/a (servei municipal/supramunicipal o sense adreça pública),GSC,MEM25
T28,"Activa't per la Salut Mental (Espai Situa't, GAM)",rectangle,social,Tercer sector,salut mental,Girona,supramunicipal,-,activatperlasalutmental.org,Grups d'ajuda mútua; GAM de continuïtat del grup de fibromiàlgia a través del PCP,"Memòria anual Comissió Comunitària EAP Salt 2025 (ICS, document intern)",2026-01 (document intern),verificat,"Memòria 2025, p. 33-34; valoració poc satisfactòria de les participants",,,,n/a (servei municipal/supramunicipal o sense adreça pública),GS,MEM25
T29,Psicoxarxa – Col·legi Oficial de Psicologia de Girona,rectangle,social,Tercer sector,salut mental,Girona,supramunicipal,-,copc.cat,Atenció psicològica voluntària a cost simbòlic per a persones vulnerables sense patologia mental,"Memòria anual Comissió Comunitària EAP Salt 2025 (ICS, document intern)",2026-01 (document intern),verificat,"Memòria 2025, p. 33; recurs del directori de prescripció social",,,,n/a (servei municipal/supramunicipal o sense adreça pública),GS,MEM25
MG19,Associació Wakkilare (dones d'origen africà),rectangle,social,"Diversitat cultural, religiosa i de gènere",dones/migració,-,municipal,-,-,"Integració social i cultural de dones africanes, prevenció de violència masclista i empoderament","Memòria anual Comissió Comunitària EAP Salt 2025 (ICS, document intern)",2026-01 (document intern),verificat,"Memòria 2025, p. 32; recurs del directori, sense activitat conjunta registrada el 2025",,,,n/a (servei municipal/supramunicipal o sense adreça pública),C,MEM25
T30,"ANNCON Lleure i Oci SL (Juguem? – mediació i monitoratge, des de 2024)",rectangle,social,Tercer sector,tercer sector/infància,-,municipal,-,-,Empresa adjudicatària del servei de mediació i monitoratge de Juguem? (19/07/2024); present al Punt de Voluntariat de Salt,https://contratos.gobierto.es/licitaciones/4450347 | https://puntvoluntariat.viladesalt.cat/empresa/anncon-lleure-i-oci-sl/,consulta 2026-10-07 | consulta 2026-10-07,verificat,Clau al registre de pendents: NOU-01,,,,n/a (servei municipal/supramunicipal o sense adreça pública),C,AP26_01;AP26_02
