origen,origen_nom,desti,desti_nom,tipus_relacio,estat,classe,evidencia,font_url,data_font
P04,ICS Girona – Gerència d'Atenció Primària,S03,EAP Salt – Direcció (centre CSIR),forta,documentada,funcional,ICS és el proveïdor titular de l'EAP Salt,https://icsgirona.cat/ca/eap-salt,consulta 2026-10-06
P03,CatSalut – Regió Sanitària Girona,S03,EAP Salt – Direcció (centre CSIR),forta,documentada,funcional,La Regió Sanitària impulsa i avalua el pilot CSIR de Salt,https://www.diaridegirona.cat/girona/2025/07/09/salt-lidera-transformacio-sistema-sanitari-119520615.html,2025-07-09
P02,Generalitat – Departament de Salut,S03,EAP Salt – Direcció (centre CSIR),forta,documentada,funcional,EAP Salt seleccionat pel Departament de Salut com CSIR (1 de 26),https://www.diaridegirona.cat/girona/2025/03/22/l-atencio-primaria-salt-inicia-115560547.html,2025-03-22
S03,EAP Salt – Direcció (centre CSIR),S01,CAP Salt 1 – Jordi Nadal i Fàbregas,forta,documentada,funcional,L'EAP atén al CAP Jordi Nadal,https://icsgirona.cat/ca/eap-salt,consulta 2026-10-06
S03,EAP Salt – Direcció (centre CSIR),S02,CAP Salt 2 – Alfons Moré i Paretas,forta,documentada,funcional,L'EAP atén al CAP Alfons Moré,https://icsgirona.cat/ca/eap-salt,consulta 2026-10-06
S01,CAP Salt 1 – Jordi Nadal i Fàbregas,S02,CAP Salt 2 – Alfons Moré i Paretas,forta,documentada,funcional,Mateix EAP; caps de setmana l'atenció es concentra a Salt 1,https://icsgirona.cat/ca/eap-salt,consulta 2026-10-06
S03,EAP Salt – Direcció (centre CSIR),S04,Comissió de Salut Comunitària de l'EAP Salt (reactivada 2025),forta,documentada,funcional,Reactivació de la comissió de salut comunitària (2025); la comissió depèn de la Direcció EAP,"https://www.diaridegirona.cat/girona/2025/07/09/salt-lidera-transformacio-sistema-sanitari-119520615.html | https://icsgirona.cat/htrueta/es/taxonomy/term/2044 | equip EAP Salt (comunicació personal, oct. 2026)",2025-07-09 | consulta 2026-10-07 | 2026-10
S04,Comissió de Salut Comunitària de l'EAP Salt (reactivada 2025),S01,CAP Salt 1 – Jordi Nadal i Fàbregas,forta,documentada,funcional,La Comissió de Salut Comunitària articula la relació del CAP Salt 1 amb la comunitat,"equip EAP Salt (comunicació personal, oct. 2026)",2026-10
S04,Comissió de Salut Comunitària de l'EAP Salt (reactivada 2025),S02,CAP Salt 2 – Alfons Moré i Paretas,forta,documentada,funcional,La Comissió de Salut Comunitària articula la relació del CAP Salt 2 amb la comunitat,"equip EAP Salt (comunicació personal, oct. 2026)",2026-10
S04,Comissió de Salut Comunitària de l'EAP Salt (reactivada 2025),S05,Taula comunitària municipal de Salt (model descentralitzat de l'EAP),forta,documentada,funcional,"La Comissió participa en aquesta taula de salut comunitària del municipi (Memòria 2025, p. 2)","https://www.diaridegirona.cat/girona/2025/07/09/salt-lidera-transformacio-sistema-sanitari-119520615.html | Memòria anual Comissió Comunitària EAP Salt 2025 (ICS, document intern)",2025-07-09 | 2026-01 (document intern)
S03,EAP Salt – Direcció (centre CSIR),SS02,"Envelliment Quilòmetre Zero (Pla local, Serveis Socials)",feble,documentada,funcional,L'EAP vol estendre a altres municipis el programa Km 0 de Serveis Socials (col·laboració incipient),https://www.diaridegirona.cat/girona/2025/07/09/salt-lidera-transformacio-sistema-sanitari-119520615.html,2025-07-09
S03,EAP Salt – Direcció (centre CSIR),S14,Equip de suport a residències i pacient crònic complex (projecte CSIR),forta,documentada,funcional,Projecte CSIR d'equip de suport a residències i crònics complexos,https://www.diaridegirona.cat/girona/2025/07/09/salt-lidera-transformacio-sistema-sanitari-119520615.html,2025-07-09
S14,Equip de suport a residències i pacient crònic complex (projecte CSIR),X09,Pacients crònics complexos i MACA (~1.600 alt risc a l'EAP),forta,documentada,funcional,~1.600 pacients d'alt risc com a població diana,https://www.diaridegirona.cat/girona/2025/07/09/salt-lidera-transformacio-sistema-sanitari-119520615.html,2025-07-09
S14,Equip de suport a residències i pacient crònic complex (projecte CSIR),S23,PADES unificat Gironès-Pla de l'Estany-Selva interior (ICS/IAS/Mutuam),feble,documentada,funcional,Circuits amb PADES previstos (en construcció),https://www.diaridegirona.cat/girona/2025/07/09/salt-lidera-transformacio-sistema-sanitari-119520615.html,2025-07-09
S14,Equip de suport a residències i pacient crònic complex (projecte CSIR),S16,Hospital Santa Caterina (IAS) – Parc Hospitalari Martí i Julià,feble,documentada,funcional,Circuits amb hospital i sociosanitaris previstos,https://www.diaridegirona.cat/girona/2025/07/09/salt-lidera-transformacio-sistema-sanitari-119520615.html,2025-07-09
S03,EAP Salt – Direcció (centre CSIR),S16,Hospital Santa Caterina (IAS) – Parc Hospitalari Martí i Julià,forta,documentada,funcional,Derivació hospitalària de referència,https://www.diaridegirona.cat/girona/2025/07/09/salt-lidera-transformacio-sistema-sanitari-119520615.html | https://www.ias.cat/ca/contingut/iasgirona/530,2025-07-09 | consulta 2026-10-06
P14,IAS – Institut d'Assistència Sanitària,S16,Hospital Santa Caterina (IAS) – Parc Hospitalari Martí i Julià,forta,documentada,funcional,IAS gestiona l'Hospital Santa Caterina,https://www.ias.cat/ca/contingut/iasgirona/530,consulta 2026-10-06
P14,IAS – Institut d'Assistència Sanitària,S17,CSMIJ Gironès-Pla de l'Estany (IAS),forta,documentada,funcional,Recurs de la Xarxa de Salut Mental i Addiccions de l'IAS,http://www.ias.cat/ca/contingut/iasgirona/598,consulta 2026-10-06
P14,IAS – Institut d'Assistència Sanitària,S18,CSMA Gironès-Pla de l'Estany (IAS),forta,documentada,funcional,Recurs de la Xarxa de Salut Mental i Addiccions de l'IAS,http://www.ias.cat/ca/contingut/iasgirona/598,consulta 2026-10-06
P14,IAS – Institut d'Assistència Sanitària,S20,CAS Gironès-Pla de l'Estany (IAS),forta,documentada,funcional,Recurs de la Xarxa de Salut Mental i Addiccions de l'IAS,http://www.ias.cat/ca/contingut/iasgirona/598,consulta 2026-10-06
P14,IAS – Institut d'Assistència Sanitària,S21,Servei de Rehabilitació Comunitària i EIPP (IAS),forta,documentada,funcional,Recurs de la Xarxa de Salut Mental i Addiccions de l'IAS,http://www.ias.cat/ca/contingut/iasgirona/598,consulta 2026-10-06
P14,IAS – Institut d'Assistència Sanitària,S22,"Hospital de Dia de Salut Mental d'Adolescents (IAS, Els Til·lers)",forta,documentada,funcional,Recurs de la Xarxa de Salut Mental i Addiccions de l'IAS,http://www.ias.cat/ca/contingut/iasgirona/598,consulta 2026-10-06
P14,IAS – Institut d'Assistència Sanitària,S23,PADES unificat Gironès-Pla de l'Estany-Selva interior (ICS/IAS/Mutuam),forta,documentada,funcional,PADES unificat participat per IAS,https://www.ias.cat/ca/noticies/primaria/980,consulta 2026-10-06
P04,ICS Girona – Gerència d'Atenció Primària,S23,PADES unificat Gironès-Pla de l'Estany-Selva interior (ICS/IAS/Mutuam),forta,documentada,funcional,PADES unificat participat per ICS,https://www.ias.cat/ca/noticies/primaria/980,consulta 2026-10-06
P04,ICS Girona – Gerència d'Atenció Primària,S25,Centre d'Urgències d'Atenció Continuada Güell (ICS),forta,documentada,funcional,CUAP Güell (ICS) atén urgències nocturnes de l'EAP,https://icsgirona.cat/ca/eap-salt,consulta 2026-10-06
S19,Programa de Col·laboració amb Primària (PCP) – salut mental,S18,CSMA Gironès-Pla de l'Estany (IAS),forta,documentada,funcional,El PCP el porta una psicòloga del CSMA,"equip EAP Salt (comunicació personal, oct. 2026)",2026-10
S19,Programa de Col·laboració amb Primària (PCP) – salut mental,S01,CAP Salt 1 – Jordi Nadal i Fàbregas,forta,documentada,funcional,El PCP col·labora amb el CAP Salt 1,"equip EAP Salt (comunicació personal, oct. 2026)",2026-10
S19,Programa de Col·laboració amb Primària (PCP) – salut mental,S02,CAP Salt 2 – Alfons Moré i Paretas,forta,documentada,funcional,"Grupals del PCP (salut i canvi, Reconnectant, dol perllongat) al CAP Salt 2 (Memòria 2025, p. 23-24, 32)","equip EAP Salt (comunicació personal, oct. 2026) | Memòria anual Comissió Comunitària EAP Salt 2025 (ICS, document intern)",2026-10 | 2026-01 (document intern)
S17,CSMIJ Gironès-Pla de l'Estany (IAS),S09,"Pediatria i infermeria pediàtrica EAP (Nen sa, vacunes escolars, salut bucodental escoles, 'Nen@s en moviment')",forta,documentada,funcional,CSMIJ amb referents per a Salt (sociograma 2021; vigència a validar),Foto sociograma CAP Salt 2021 (adjunt de l'usuari),2021
S18,CSMA Gironès-Pla de l'Estany (IAS),S15,Psicologia clínica d'adults i psicologia de cronicitat (EAP),forta,documentada,funcional,CSMA amb referents per a Salt (sociograma 2021; vigència a validar),Foto sociograma CAP Salt 2021 (adjunt de l'usuari),2021
S03,EAP Salt – Direcció (centre CSIR),S06,Referents de Benestar Emocional i Comunitari (RBEC) EAP Salt,forta,documentada,funcional,Referents de benestar emocional i comunitari formen part de l'EAP,https://icsgirona.cat/ca/eap-salt,consulta 2026-10-06
S03,EAP Salt – Direcció (centre CSIR),S07,Treball Social Sanitari EAP Salt,forta,documentada,funcional,Treball social forma part de l'EAP,https://icsgirona.cat/ca/eap-salt,consulta 2026-10-06
S03,EAP Salt – Direcció (centre CSIR),S08,Programa Salut i Escola (infermeria referent EAP),forta,documentada,funcional,Programa Salut i Escola en cartera de l'EAP,https://icsgirona.cat/ca/eap-salt,consulta 2026-10-06
S03,EAP Salt – Direcció (centre CSIR),S09,"Pediatria i infermeria pediàtrica EAP (Nen sa, vacunes escolars, salut bucodental escoles, 'Nen@s en moviment')",forta,documentada,funcional,Pediatria de l'EAP,https://icsgirona.cat/ca/eap-salt,consulta 2026-10-06
S03,EAP Salt – Direcció (centre CSIR),S10,"PAFES – Pla d'Activitat Física, Esport i Salut (EAP)",forta,documentada,funcional,PAFES en cartera de l'EAP,https://icsgirona.cat/ca/eap-salt,consulta 2026-10-06
S03,EAP Salt – Direcció (centre CSIR),S11,Educació maternal / atenció a la salut sexual i reproductiva (llevadores EAP-ASSIR),forta,documentada,funcional,Educació maternal i ASSIR en cartera,https://icsgirona.cat/ca/eap-salt,consulta 2026-10-06
S03,EAP Salt – Direcció (centre CSIR),S12,Programa de metadona i intercanvi de xeringues (EAP),forta,documentada,funcional,Metadona i intercanvi de xeringues en cartera,https://icsgirona.cat/ca/eap-salt,consulta 2026-10-06
S03,EAP Salt – Direcció (centre CSIR),S13,Programa Pacient Expert i educació grupal en cronicitat (EAP),forta,documentada,funcional,Pacient Expert i educació grupal en cartera,https://icsgirona.cat/ca/eap-salt,consulta 2026-10-06
S03,EAP Salt – Direcció (centre CSIR),S15,Psicologia clínica d'adults i psicologia de cronicitat (EAP),forta,documentada,funcional,Psicologia clínica i de cronicitat en cartera,https://icsgirona.cat/ca/eap-salt,consulta 2026-10-06
S12,Programa de metadona i intercanvi de xeringues (EAP),X14,Persones amb consum de drogues / addiccions,forta,documentada,funcional,Programes dirigits a persones consumidores,https://icsgirona.cat/ca/eap-salt,consulta 2026-10-06
S24,CDIAP Salt-Gironès (Grup Fundació Ramon Noguera),S09,"Pediatria i infermeria pediàtrica EAP (Nen sa, vacunes escolars, salut bucodental escoles, 'Nen@s en moviment')",forta,hipòtesi a validar amb l'equip,funcional,Derivació pediatria-CDIAP (habitual; no documentada públicament per a Salt),hipòtesi,
S06,Referents de Benestar Emocional i Comunitari (RBEC) EAP Salt,S05,Taula comunitària municipal de Salt (model descentralitzat de l'EAP),forta,documentada,funcional,"Les RBEC participen a la Taula de Salut de Salt (Memòria 2025, p. 12)","Memòria anual Comissió Comunitària EAP Salt 2025 (ICS, document intern)",2026-01 (document intern)
S07,Treball Social Sanitari EAP Salt,SS01,Serveis Socials Bàsics de Salt (CBSGS),forta,hipòtesi a validar amb l'equip,funcional,Coordinació de casos treballo social sanitari – Serveis Socials,hipòtesi,
S03,EAP Salt – Direcció (centre CSIR),SS01,Serveis Socials Bàsics de Salt (CBSGS),feble,hipòtesi a validar amb l'equip,funcional,Coordinació institucional EAP–Serveis Socials més enllà de Km 0: a validar,hipòtesi,
S28,Àrea de Salut Pública de l'Ajuntament,S03,EAP Salt – Direcció (centre CSIR),forta,documentada,funcional,"L'Àrea de Salut de l'Ajuntament convoca la Taula de Salut de Salt, on participa la Direcció ABS (Memòria 2025, p. 12, 28)","Memòria anual Comissió Comunitària EAP Salt 2025 (ICS, document intern)",2026-01 (document intern)
S10,"PAFES – Pla d'Activitat Física, Esport i Salut (EAP)",SS23,Àrea d'Esports (SAFIS – Setmana de l'Activitat Física i la Salut),feble,hipòtesi a validar amb l'equip,funcional,PAFES podria derivar a activitats SAFIS; no documentat,hipòtesi,
S10,"PAFES – Pla d'Activitat Física, Esport i Salut (EAP)",C24,Caminants la Massana (des de gener 2025),sense relació,hipòtesi a validar amb l'equip,funcional,Caminants la Massana (2025) – actiu no vinculat encara al CAP,hipòtesi,
S11,Educació maternal / atenció a la salut sexual i reproductiva (llevadores EAP-ASSIR),SS03,"SOAF / SSAF / Materno / Creixem (serveis a famílies i infància, CBSGS)",feble,hipòtesi a validar amb l'equip,funcional,Llevadoras – programa Materno/criança: coordinació a validar,hipòtesi,
S11,Educació maternal / atenció a la salut sexual i reproductiva (llevadores EAP-ASSIR),X02,Dones migrades nouvingudes / amb barrera idiomàtica,feble,hipòtesi a validar amb l'equip,funcional,Accés de dones nouvingudes a educació maternal: a validar,hipòtesi,
S13,Programa Pacient Expert i educació grupal en cronicitat (EAP),T18,Associació de Fibromiàlgia de Salt,feble,hipòtesi a validar amb l'equip,funcional,Programa Síndrome de Sensibilització Central – Associació de Fibromiàlgia,hipòtesi,
S27,Xarxa de farmàcies comunitàries de Salt (14 oficines),S03,EAP Salt – Direcció (centre CSIR),feble,hipòtesi a validar amb l'equip,funcional,"Farmàcies comunitàries – EAP (adherència, cribratges): a validar",hipòtesi,
S01,CAP Salt 1 – Jordi Nadal i Fàbregas,C30,"Equipaments juvenils: Estació Jove (PIJ), Fàbrica Jove, Satèl·lit Jove",indirecta,documentada,funcional,"Relació a través de les RBEC: prescripció social, tallers i grupals per a joves amb Estació Jove i Fàbrica Jove (Memòria 2025, p. 29)","Memòria anual Comissió Comunitària EAP Salt 2025 (ICS, document intern)",2026-01 (document intern)
S02,CAP Salt 2 – Alfons Moré i Paretas,E20,Escola El Pla (pública),indirecta,documentada,funcional,"Relació a través d'Odontologia de l'EAP: taller de raspallada a l'Escola El Pla (Memòria 2025, p. 14)","Memòria anual Comissió Comunitària EAP Salt 2025 (ICS, document intern)",2026-01 (document intern)
P06,Dipsalut – Organisme de Salut Pública de la Diputació de Girona,E10,Programa 'Sigues tu' (Dipsalut) en escoles i instituts,forta,documentada,funcional,Dipsalut impulsa i finança 'Sigues tu',https://educacio.viladesalt.cat/sigues-tu/,consulta 2026-10-06
S28,Àrea de Salut Pública de l'Ajuntament,E10,Programa 'Sigues tu' (Dipsalut) en escoles i instituts,forta,documentada,funcional,La guia municipal assigna 'Sigues tu' a Àrea de Salut/Dipsalut,https://educacio.viladesalt.cat/wp-content/uploads/2023/11/AF-GuiaRecursos-Definitiubo.pdf,2023-11-22
P06,Dipsalut – Organisme de Salut Pública de la Diputació de Girona,T02,"Casal dels Infants – Salt (COA, CIMS, Dinem Junts/RAI ESO, Casal Familiar/SOAF, Espai Dones, XAT)",forta,documentada,funcional,Dipsalut subvenciona el projecte 'Casal Adolescents de Salt' (2025),https://www.casaldelsinfants.org/actualitat/casaladolescentssalt-2025/,2025-08-05
P06,Dipsalut – Organisme de Salut Pública de la Diputació de Girona,S28,Àrea de Salut Pública de l'Ajuntament,forta,documentada,funcional,Conveni amb Dipsalut per a vigilància del mosquit tigre,https://www.viladesalt.cat/arees-serveis/area-de-serveis-a-les-persones/salut/,consulta 2026-10-06
P06,Dipsalut – Organisme de Salut Pública de la Diputació de Girona,SS23,Àrea d'Esports (SAFIS – Setmana de l'Activitat Física i la Salut),feble,documentada,funcional,Les SAFIS es coordinen des de les àrees de Salut Pública i Esports de l'Ajuntament amb el suport de Dipsalut (edició 2026),https://totsalt.cat/salt-es-mou-les-safis-2026-omplen-labril-amb-mes-de-40-activitats-saludables/,consulta 2026-10-07
S28,Àrea de Salut Pública de l'Ajuntament,SS23,Àrea d'Esports (SAFIS – Setmana de l'Activitat Física i la Salut),forta,documentada,funcional,SAFIS organitzada per Àrea de Salut/Esports,https://educacio.viladesalt.cat/wp-content/uploads/2023/11/AF-GuiaRecursos-Definitiubo.pdf | https://www.infosalt.cat/la-14a-setmana-de-lactivitat-fisica-i-la-salut-de-salt-programa-mes-de-50-activitats-durant-tot-el-mes-dabril/,2023-11-22 | 2025-04
P01,Ajuntament de Salt – Alcaldia i Ple municipal,S28,Àrea de Salut Pública de l'Ajuntament,forta,documentada,funcional,Àrea municipal,https://www.viladesalt.cat/ajuntament/servei-datencio-a-la-ciutadania/adreces-i-telefons-dinteres/,consulta 2026-10-06
P01,Ajuntament de Salt – Alcaldia i Ple municipal,SS11,"Àrea d'Acció Social i Ciutadania (Salt Activa 365, Juguem?)",forta,documentada,funcional,Àrea municipal,https://www.viladesalt.cat/ajuntament/servei-datencio-a-la-ciutadania/adreces-i-telefons-dinteres/,consulta 2026-10-06
P01,Ajuntament de Salt – Alcaldia i Ple municipal,SS23,Àrea d'Esports (SAFIS – Setmana de l'Activitat Física i la Salut),forta,documentada,funcional,Àrea municipal,https://www.viladesalt.cat/ajuntament/servei-datencio-a-la-ciutadania/adreces-i-telefons-dinteres/,consulta 2026-10-06
P01,Ajuntament de Salt – Alcaldia i Ple municipal,SS24,Àrea de Joventut (Pla Local de Joventut 2024-2027; programes VIP 1 i 2),forta,documentada,funcional,Àrea municipal,https://www.viladesalt.cat/ajuntament/servei-datencio-a-la-ciutadania/adreces-i-telefons-dinteres/,consulta 2026-10-06
P01,Ajuntament de Salt – Alcaldia i Ple municipal,SS25,"Àrea de Cultura (biblioteques, Coma Cros, El Canal, Museu de l'Aigua, Teatre)",forta,documentada,funcional,Àrea municipal,https://www.viladesalt.cat/ajuntament/servei-datencio-a-la-ciutadania/adreces-i-telefons-dinteres/,consulta 2026-10-06
P01,Ajuntament de Salt – Alcaldia i Ple municipal,E01,Àrea d'Educació / OME (Oficina Municipal d'Escolarització),forta,documentada,funcional,Àrea municipal,https://www.viladesalt.cat/ajuntament/servei-datencio-a-la-ciutadania/adreces-i-telefons-dinteres/,consulta 2026-10-06
P01,Ajuntament de Salt – Alcaldia i Ple municipal,SS14,Oficina Local d'Habitatge + Servei de mediació comunitària (Vincle),forta,documentada,funcional,Servei municipal,https://www.viladesalt.cat/ajuntament/servei-datencio-a-la-ciutadania/adreces-i-telefons-dinteres/,consulta 2026-10-06
P01,Ajuntament de Salt – Alcaldia i Ple municipal,SS15,Policia Local de Salt,forta,documentada,funcional,Servei municipal,https://www.viladesalt.cat/ajuntament/servei-datencio-a-la-ciutadania/adreces-i-telefons-dinteres/,consulta 2026-10-06
P01,Ajuntament de Salt – Alcaldia i Ple municipal,SS19,Espai Municipal d'Ocupació (EMO) + Referents d'Ocupació Juvenil,forta,documentada,funcional,Servei municipal,https://www.viladesalt.cat/ajuntament/servei-datencio-a-la-ciutadania/adreces-i-telefons-dinteres/,consulta 2026-10-06
P01,Ajuntament de Salt – Alcaldia i Ple municipal,SS10,"Servei municipal d'Acollida i Ciutadania (Primera acollida, suport lingüístic, assessorament estrangeria)",forta,documentada,funcional,Servei municipal,https://www.viladesalt.cat/ajuntament/servei-datencio-a-la-ciutadania/adreces-i-telefons-dinteres/,consulta 2026-10-06
P01,Ajuntament de Salt – Alcaldia i Ple municipal,SS17,Centre de Recursos de la Gent Gran (municipal),forta,documentada,funcional,Equipament municipal,https://www.viladesalt.cat/ajuntament/servei-datencio-a-la-ciutadania/adreces-i-telefons-dinteres/,consulta 2026-10-06
P01,Ajuntament de Salt – Alcaldia i Ple municipal,SS13,Punt de Voluntariat de Salt,forta,documentada,funcional,Servei municipal,https://www.viladesalt.cat/ajuntament/servei-datencio-a-la-ciutadania/adreces-i-telefons-dinteres/,consulta 2026-10-06
P01,Ajuntament de Salt – Alcaldia i Ple municipal,SS22,Ràdio Salt (emisora municipal),forta,documentada,funcional,Emissora municipal,https://www.viladesalt.cat/ajuntament/servei-datencio-a-la-ciutadania/adreces-i-telefons-dinteres/,consulta 2026-10-06
P01,Ajuntament de Salt – Alcaldia i Ple municipal,P11,Consorci de Benestar Social Gironès-Salt (CBSGS),forta,documentada,funcional,L'Ajuntament integra el Consorci de Benestar Social Gironès-Salt,https://www.viladesalt.cat/ajuntament/servei-datencio-a-la-ciutadania/adreces-i-telefons-dinteres/ | https://www.cbs.cat/envelliment-quilometre-zero/,consulta 2026-10-06 | consulta 2026-10-06
P11,Consorci de Benestar Social Gironès-Salt (CBSGS),SS01,Serveis Socials Bàsics de Salt (CBSGS),forta,documentada,funcional,Servei gestionat pel CBSGS,https://www.cbs.cat/envelliment-quilometre-zero/ | https://www.cbs.cat/centre-de-distribucio-daliments-salt/ | https://www.cbs.cat/sie/ | https://www.cbs.cat/servei-datencio-integral-sai/ | https://educacio.viladesalt.cat/wp-content/uploads/2023/11/AF-GuiaRecursos-Definitiubo.pdf,consulta 2026-10-06 | consulta 2026-10-06 | consulta 2026-10-06 | consulta 2026-10-06 | 2023-11-22
P11,Consorci de Benestar Social Gironès-Salt (CBSGS),SS02,"Envelliment Quilòmetre Zero (Pla local, Serveis Socials)",forta,documentada,funcional,Servei gestionat pel CBSGS,https://www.cbs.cat/envelliment-quilometre-zero/ | https://www.cbs.cat/centre-de-distribucio-daliments-salt/ | https://www.cbs.cat/sie/ | https://www.cbs.cat/servei-datencio-integral-sai/ | https://educacio.viladesalt.cat/wp-content/uploads/2023/11/AF-GuiaRecursos-Definitiubo.pdf,consulta 2026-10-06 | consulta 2026-10-06 | consulta 2026-10-06 | consulta 2026-10-06 | 2023-11-22
P11,Consorci de Benestar Social Gironès-Salt (CBSGS),SS03,"SOAF / SSAF / Materno / Creixem (serveis a famílies i infància, CBSGS)",forta,documentada,funcional,Servei gestionat pel CBSGS,https://www.cbs.cat/envelliment-quilometre-zero/ | https://www.cbs.cat/centre-de-distribucio-daliments-salt/ | https://www.cbs.cat/sie/ | https://www.cbs.cat/servei-datencio-integral-sai/ | https://educacio.viladesalt.cat/wp-content/uploads/2023/11/AF-GuiaRecursos-Definitiubo.pdf,consulta 2026-10-06 | consulta 2026-10-06 | consulta 2026-10-06 | consulta 2026-10-06 | 2023-11-22
P11,Consorci de Benestar Social Gironès-Salt (CBSGS),SS04,SIAJ i Tarda Oberta – educació social de carrer (CBSGS),forta,documentada,funcional,Servei gestionat pel CBSGS,https://www.cbs.cat/envelliment-quilometre-zero/ | https://www.cbs.cat/centre-de-distribucio-daliments-salt/ | https://www.cbs.cat/sie/ | https://www.cbs.cat/servei-datencio-integral-sai/ | https://educacio.viladesalt.cat/wp-content/uploads/2023/11/AF-GuiaRecursos-Definitiubo.pdf,consulta 2026-10-06 | consulta 2026-10-06 | consulta 2026-10-06 | consulta 2026-10-06 | 2023-11-22
P11,Consorci de Benestar Social Gironès-Salt (CBSGS),SS05,Serveis d'atenció diürna – Centres oberts (zona Centre i Pl. Catalunya/Veïnat),forta,documentada,funcional,Servei gestionat pel CBSGS,https://www.cbs.cat/envelliment-quilometre-zero/ | https://www.cbs.cat/centre-de-distribucio-daliments-salt/ | https://www.cbs.cat/sie/ | https://www.cbs.cat/servei-datencio-integral-sai/ | https://educacio.viladesalt.cat/wp-content/uploads/2023/11/AF-GuiaRecursos-Definitiubo.pdf,consulta 2026-10-06 | consulta 2026-10-06 | consulta 2026-10-06 | consulta 2026-10-06 | 2023-11-22
P11,Consorci de Benestar Social Gironès-Salt (CBSGS),SS06,Centre de Distribució d'Aliments de Salt (CBSGS + Càritas),forta,documentada,funcional,Servei gestionat pel CBSGS,https://www.cbs.cat/envelliment-quilometre-zero/ | https://www.cbs.cat/centre-de-distribucio-daliments-salt/ | https://www.cbs.cat/sie/ | https://www.cbs.cat/servei-datencio-integral-sai/ | https://educacio.viladesalt.cat/wp-content/uploads/2023/11/AF-GuiaRecursos-Definitiubo.pdf,consulta 2026-10-06 | consulta 2026-10-06 | consulta 2026-10-06 | consulta 2026-10-06 | 2023-11-22
P11,Consorci de Benestar Social Gironès-Salt (CBSGS),SS07,SIE Gironès – Servei d'Intervenció Especialitzada en violència masclista,forta,documentada,funcional,Servei gestionat pel CBSGS,https://www.cbs.cat/envelliment-quilometre-zero/ | https://www.cbs.cat/centre-de-distribucio-daliments-salt/ | https://www.cbs.cat/sie/ | https://www.cbs.cat/servei-datencio-integral-sai/ | https://educacio.viladesalt.cat/wp-content/uploads/2023/11/AF-GuiaRecursos-Definitiubo.pdf,consulta 2026-10-06 | consulta 2026-10-06 | consulta 2026-10-06 | consulta 2026-10-06 | 2023-11-22
P11,Consorci de Benestar Social Gironès-Salt (CBSGS),SS08,SIAD Gironès-Salt (informació i atenció a les dones),forta,documentada,funcional,Servei gestionat pel CBSGS,https://www.cbs.cat/envelliment-quilometre-zero/ | https://www.cbs.cat/centre-de-distribucio-daliments-salt/ | https://www.cbs.cat/sie/ | https://www.cbs.cat/servei-datencio-integral-sai/ | https://educacio.viladesalt.cat/wp-content/uploads/2023/11/AF-GuiaRecursos-Definitiubo.pdf,consulta 2026-10-06 | consulta 2026-10-06 | consulta 2026-10-06 | consulta 2026-10-06 | 2023-11-22
P11,Consorci de Benestar Social Gironès-Salt (CBSGS),SS09,SAI Gironès-Salt (Servei d'Atenció Integral LGTBI),forta,documentada,funcional,Servei gestionat pel CBSGS,https://www.cbs.cat/envelliment-quilometre-zero/ | https://www.cbs.cat/centre-de-distribucio-daliments-salt/ | https://www.cbs.cat/sie/ | https://www.cbs.cat/servei-datencio-integral-sai/ | https://educacio.viladesalt.cat/wp-content/uploads/2023/11/AF-GuiaRecursos-Definitiubo.pdf,consulta 2026-10-06 | consulta 2026-10-06 | consulta 2026-10-06 | consulta 2026-10-06 | 2023-11-22
SS01,Serveis Socials Bàsics de Salt (CBSGS),SS02,"Envelliment Quilòmetre Zero (Pla local, Serveis Socials)",forta,documentada,funcional,Km 0 impulsat per Serveis Socials,https://www.cbs.cat/envelliment-quilometre-zero/ | https://www.diaridegirona.cat/girona/2025/07/09/salt-lidera-transformacio-sistema-sanitari-119520615.html,consulta 2026-10-06 | 2025-07-09
P09,Generalitat – Departament de Drets Socials i Inclusió,SS02,"Envelliment Quilòmetre Zero (Pla local, Serveis Socials)",forta,documentada,funcional,Finançament NextGen gestionada per la Generalitat,https://www.cbs.cat/envelliment-quilometre-zero/,consulta 2026-10-06
P09,Generalitat – Departament de Drets Socials i Inclusió,SS18,Casal Cívic i Comunitari Les Bernardes (Generalitat),forta,documentada,funcional,Casal Cívic titularitat de la Generalitat,https://www.viladesalt.cat/faq-items/equipaments-per-a-la-gent-gran/,consulta 2026-10-06
SS02,"Envelliment Quilòmetre Zero (Pla local, Serveis Socials)",X03,Persones grans soles / solitud no desitjada,forta,documentada,funcional,Lluita contra la solitud no desitjada,https://www.cbs.cat/envelliment-quilometre-zero/,consulta 2026-10-06
SS17,Centre de Recursos de la Gent Gran (municipal),X03,Persones grans soles / solitud no desitjada,feble,hipòtesi a validar amb l'equip,funcional,Arribada a majors solos no organitzats: a validar,hipòtesi,
SS18,Casal Cívic i Comunitari Les Bernardes (Generalitat),X03,Persones grans soles / solitud no desitjada,feble,documentada,funcional,"Grup de dones amb soledat no volguda iniciat pel CAP i continuat pel Casal Cívic amb Comunitats contra l'aïllament (Memòria 2025, p. 31)","Memòria anual Comissió Comunitària EAP Salt 2025 (ICS, document intern)",2026-01 (document intern)
SS06,Centre de Distribució d'Aliments de Salt (CBSGS + Càritas),X05,Famílies amb privació material (usuàries de CDA i ajudes),forta,documentada,funcional,CDA per a persones sense mitjans per a alimentació bàsica,https://www.cbs.cat/centre-de-distribucio-daliments-salt/,consulta 2026-10-06
SS04,SIAJ i Tarda Oberta – educació social de carrer (CBSGS),X07,"Adolescents a l'espai públic (places, parcs)",forta,documentada,funcional,Tarda Oberta treballa a la quotidianitat de carrer,https://educacio.viladesalt.cat/wp-content/uploads/2023/11/AF-GuiaRecursos-Definitiubo.pdf,2023-11-22
SS07,SIE Gironès – Servei d'Intervenció Especialitzada en violència masclista,X15,Dones i nenes en risc de matrimoni forçat / violències,forta,documentada,funcional,Atenció especialitzada en violència masclista,https://www.cbs.cat/sie/,consulta 2026-10-06
SS15,Policia Local de Salt,SS07,SIE Gironès – Servei d'Intervenció Especialitzada en violència masclista,forta,hipòtesi a validar amb l'equip,funcional,Circuit de violència masclista Policia Local–SIE,hipòtesi,
SS16,Mossos d'Esquadra – Comissaria de Salt,SS07,SIE Gironès – Servei d'Intervenció Especialitzada en violència masclista,forta,hipòtesi a validar amb l'equip,funcional,Circuit de violència masclista Mossos–SIE,hipòtesi,
SS10,"Servei municipal d'Acollida i Ciutadania (Primera acollida, suport lingüístic, assessorament estrangeria)",X02,Dones migrades nouvingudes / amb barrera idiomàtica,forta,documentada,funcional,Primera acollida a nouvinguts,https://educacio.viladesalt.cat/wp-content/uploads/2023/11/AF-GuiaRecursos-Definitiubo.pdf,2023-11-22
SS10,"Servei municipal d'Acollida i Ciutadania (Primera acollida, suport lingüístic, assessorament estrangeria)",X11,Homes joves migrats solos (incl. extutelats),feble,hipòtesi a validar amb l'equip,funcional,Arribada a homes joves solos: a validar,hipòtesi,
SS10,"Servei municipal d'Acollida i Ciutadania (Primera acollida, suport lingüístic, assessorament estrangeria)",T03,"Associació VINCLE (mediació, Xarxa Tallers amb Famílies, dinamització AFA, assessorament estrangeria)",forta,documentada,funcional,Assessorament en estrangeria amb Vincle,https://educacio.viladesalt.cat/wp-content/uploads/2023/11/AF-GuiaRecursos-Definitiubo.pdf,2023-11-22
SS14,Oficina Local d'Habitatge + Servei de mediació comunitària (Vincle),T03,"Associació VINCLE (mediació, Xarxa Tallers amb Famílies, dinamització AFA, assessorament estrangeria)",forta,documentada,funcional,Mediació comunitària amb Vincle,https://habitatge.viladesalt.cat/serveis/de-mediacio-comunitaria/,consulta 2026-10-06
SS11,"Àrea d'Acció Social i Ciutadania (Salt Activa 365, Juguem?)",SS12,"Programa 'Juguem?' (patis i places, espais lectors, itineraris segurs)",forta,documentada,funcional,Juguem? és eix del Pla Salt Activa 365,https://educacio.viladesalt.cat/wp-content/uploads/2026/02/Sessio-tancament-PES-19-25.pdf,2026-02
SS11,"Àrea d'Acció Social i Ciutadania (Salt Activa 365, Juguem?)",T08,"Fundación Atenea (Juguem? – mediació i monitoratge, 2021-2024)",sense relació,documentada,funcional,Relació històrica (2021-2024): contracte de mediació i monitoratge de Juguem?; el 19/07/2024 es va adjudicar a ANNCON Lleure i Oci SL (T30),https://contratos.gobierto.es/licitaciones/4450347 | https://contratos.gobierto.es/resoluciones/e528ab27-fbf3-4e2e-900d-7123a4aa300d,2024-07-19
SS12,"Programa 'Juguem?' (patis i places, espais lectors, itineraris segurs)",E22,Escola La Farga (pública),forta,documentada,funcional,Pati de La Farga obert amb Juguem?,https://juguem.viladesalt.cat/,consulta 2026-10-06
SS12,"Programa 'Juguem?' (patis i places, espais lectors, itineraris segurs)",X07,"Adolescents a l'espai públic (places, parcs)",forta,documentada,funcional,Dinamització de places amb infància i adolescència,https://juguem.viladesalt.cat/,consulta 2026-10-06
SS19,Espai Municipal d'Ocupació (EMO) + Referents d'Ocupació Juvenil,SS24,Àrea de Joventut (Pla Local de Joventut 2024-2027; programes VIP 1 i 2),forta,documentada,funcional,Circuit de derivació escola–EMO–Joventut (2024),https://educacio.viladesalt.cat/wp-content/uploads/2026/02/Sessio-tancament-PES-19-25.pdf,2026-02
E04,Punt d'Orientació Educativa / Servei d'Orientació a l'Alumnat (CRP),SS19,Espai Municipal d'Ocupació (EMO) + Referents d'Ocupació Juvenil,forta,documentada,funcional,Circuit d'orientació (2024),https://educacio.viladesalt.cat/wp-content/uploads/2026/02/Sessio-tancament-PES-19-25.pdf,2026-02
E06,CRP del Gironès (Centre de Recursos Pedagògics),E04,Punt d'Orientació Educativa / Servei d'Orientació a l'Alumnat (CRP),forta,documentada,funcional,Servei d'Orientació a l'Alumnat situat al CRP,https://educacio.viladesalt.cat/wp-content/uploads/2026/02/Sessio-tancament-PES-19-25.pdf,2026-02
P10,Generalitat – Pla de Barris i Viles (Dept. Territori),P01,Ajuntament de Salt – Alcaldia i Ple municipal,feble,documentada,funcional,Sol·licitud al Pla de Barris (resolució pendent),https://www.infosalt.cat/salt-presenta-el-projecte-del-pla-de-barris-per-transformar-el-sector-centre-i-el-veinat-amb-una-inversio-de-fins-a-25-milions-deuros/,2026 (convocatòria juliol 2026)
C23,CONFAVC – projecte A-Porta (desplegat a Salt des de des. 2025),P10,Generalitat – Pla de Barris i Viles (Dept. Territori),indirecta,documentada,funcional,A-Porta ja s'executa a Salt des del desembre de 2025 per conveni amb l'Ajuntament i Drets Socials; el Pla de Barris en proposa la consolidació i ampliació,https://confavc.cat/noticies/aportaasalt/ | https://www.diaridegirona.cat/girona/2026/07/20/salt-presenta-ambiciosa-proposta-pla-132628497.html,consulta 2026-10-07
P10,Generalitat – Pla de Barris i Viles (Dept. Territori),X10,Famílies en procés de desnonament,indirecta,documentada,funcional,Pla socioeducatiu per a famílies en desnonament previst,https://www.infosalt.cat/salt-presenta-el-projecte-del-pla-de-barris-per-transformar-el-sector-centre-i-el-veinat-amb-una-inversio-de-fins-a-25-milions-deuros/,2026 (convocatòria juliol 2026)
P07,Diputació de Girona,C02,"Consell de Barri Sector Sud (Massana, Mas Masó, El Pla, Hospital, Sant Cugat)",forta,documentada,funcional,Suport econòmic de la Diputació als Consells de Barri (2022),https://www.viladesalt.cat/participacio/consells-de-barri/,consulta 2026-10-06 (dades 2022)
P01,Ajuntament de Salt – Alcaldia i Ple municipal,C02,"Consell de Barri Sector Sud (Massana, Mas Masó, El Pla, Hospital, Sant Cugat)",forta,documentada,funcional,Consells de Barri impulsats per l'Ajuntament (2019-),https://www.viladesalt.cat/participacio/consells-de-barri/,consulta 2026-10-06 (dades 2022)
P01,Ajuntament de Salt – Alcaldia i Ple municipal,C03,Consell de Barri Sector Est (Veïnat),forta,documentada,funcional,Consells de Barri impulsats per l'Ajuntament (2019-),https://www.viladesalt.cat/participacio/consells-de-barri/,consulta 2026-10-06 (dades 2022)
P01,Ajuntament de Salt – Alcaldia i Ple municipal,C04,"Consell de Barri Sector Oest (Escriptors, Barri Vell)",forta,documentada,funcional,Consells de Barri impulsats per l'Ajuntament (2019-),https://www.viladesalt.cat/participacio/consells-de-barri/,consulta 2026-10-06 (dades 2022)
P01,Ajuntament de Salt – Alcaldia i Ple municipal,C05,Consell de Barri Sector Centre,forta,documentada,funcional,Consells de Barri impulsats per l'Ajuntament (2019-),https://www.viladesalt.cat/participacio/consells-de-barri/,consulta 2026-10-06 (dades 2022)
C01,"Pla Comunitari de Salt (comissions, Programació Comunitària Intercultural)",SS12,"Programa 'Juguem?' (patis i places, espais lectors, itineraris segurs)",forta,documentada,funcional,"Itineraris Segurs impulsat pel Pla Comunitari, avui dins de Juguem?",https://educacio.viladesalt.cat/wp-content/uploads/2026/02/Sessio-tancament-PES-19-25.pdf,2026-02
C01,"Pla Comunitari de Salt (comissions, Programació Comunitària Intercultural)",E12,Saltem a l'Escola (transició a I3) i Taula de la petita infància,feble,documentada,funcional,Xarxa 0-6 nascuda de la Comissió de Famílies del Pla Comunitari,https://educacio.viladesalt.cat/wp-content/uploads/2026/02/Sessio-tancament-PES-19-25.pdf,2026-02
C14,Mas Mota – equipament de barri,SS10,"Servei municipal d'Acollida i Ciutadania (Primera acollida, suport lingüístic, assessorament estrangeria)",forta,documentada,estructural (pertinença/seu/agregador),Seu a l'edifici Mas Mota,https://educacio.viladesalt.cat/wp-content/uploads/2023/11/AF-GuiaRecursos-Definitiubo.pdf | https://puntvoluntariat.viladesalt.cat/les-entitats-de-salt/ | https://pcdesalt.wixsite.com/pcdesalt/sobre-el-pla-comunitari,2023-11-22 | 2025-10-13 | consulta 2026-10-06 (sense data)
C14,Mas Mota – equipament de barri,C01,"Pla Comunitari de Salt (comissions, Programació Comunitària Intercultural)",forta,documentada,estructural (pertinença/seu/agregador),Seu a l'edifici Mas Mota,https://educacio.viladesalt.cat/wp-content/uploads/2023/11/AF-GuiaRecursos-Definitiubo.pdf | https://puntvoluntariat.viladesalt.cat/les-entitats-de-salt/ | https://pcdesalt.wixsite.com/pcdesalt/sobre-el-pla-comunitari,2023-11-22 | 2025-10-13 | consulta 2026-10-06 (sense data)
C14,Mas Mota – equipament de barri,SS13,Punt de Voluntariat de Salt,forta,documentada,estructural (pertinença/seu/agregador),Seu a l'edifici Mas Mota,https://educacio.viladesalt.cat/wp-content/uploads/2023/11/AF-GuiaRecursos-Definitiubo.pdf | https://puntvoluntariat.viladesalt.cat/les-entitats-de-salt/ | https://pcdesalt.wixsite.com/pcdesalt/sobre-el-pla-comunitari,2023-11-22 | 2025-10-13 | consulta 2026-10-06 (sense data)
C14,Mas Mota – equipament de barri,T03,"Associació VINCLE (mediació, Xarxa Tallers amb Famílies, dinamització AFA, assessorament estrangeria)",forta,documentada,estructural (pertinença/seu/agregador),Seu a l'edifici Mas Mota,https://educacio.viladesalt.cat/wp-content/uploads/2023/11/AF-GuiaRecursos-Definitiubo.pdf | https://puntvoluntariat.viladesalt.cat/les-entitats-de-salt/ | https://pcdesalt.wixsite.com/pcdesalt/sobre-el-pla-comunitari,2023-11-22 | 2025-10-13 | consulta 2026-10-06 (sense data)
C13,"Hotel d'Entitats (C/ Sant Dionís, 42)",T01,"Càritas Salt (Acollida, CDA, Espai amb Cor, TALC, SIE, Fes+, Proinfància, En Bona Companyia, PATI, Llaços)",forta,documentada,estructural (pertinença/seu/agregador),Seu a l'Hotel d'Entitats (Sant Dionís 42),https://entitats.salt.cat/directori-entitats/ | https://www.caritasgirona.cat/salt,consulta 2026-10-06 | consulta 2026-10-06 (memòria 2025)
C13,"Hotel d'Entitats (C/ Sant Dionís, 42)",T02,"Casal dels Infants – Salt (COA, CIMS, Dinem Junts/RAI ESO, Casal Familiar/SOAF, Espai Dones, XAT)",forta,documentada,estructural (pertinença/seu/agregador),Seu a l'Hotel d'Entitats (Sant Dionís 42),https://entitats.salt.cat/directori-entitats/ | https://www.caritasgirona.cat/salt,consulta 2026-10-06 | consulta 2026-10-06 (memòria 2025)
C13,"Hotel d'Entitats (C/ Sant Dionís, 42)",T04,"Associació Socioeducativa Nou Sol (Reforça't, Apodera't, Espai Jove)",forta,documentada,estructural (pertinença/seu/agregador),Seu a l'Hotel d'Entitats (Sant Dionís 42),https://entitats.salt.cat/directori-entitats/ | https://www.caritasgirona.cat/salt,consulta 2026-10-06 | consulta 2026-10-06 (memòria 2025)
C13,"Hotel d'Entitats (C/ Sant Dionís, 42)",T05,Associació DOTA – Dones per la formació,forta,documentada,estructural (pertinença/seu/agregador),Seu a l'Hotel d'Entitats (Sant Dionís 42),https://entitats.salt.cat/directori-entitats/ | https://www.caritasgirona.cat/salt,consulta 2026-10-06 | consulta 2026-10-06 (memòria 2025)
C13,"Hotel d'Entitats (C/ Sant Dionís, 42)",T11,Associació Valentes i Acompanyades (matrimonis forçats),forta,documentada,estructural (pertinença/seu/agregador),Seu a l'Hotel d'Entitats (Sant Dionís 42),https://entitats.salt.cat/directori-entitats/ | https://www.caritasgirona.cat/salt,consulta 2026-10-06 | consulta 2026-10-06 (memòria 2025)
C13,"Hotel d'Entitats (C/ Sant Dionís, 42)",R09,Iglesia de Dios – Centre Cristià FEAM Salt,forta,documentada,estructural (pertinença/seu/agregador),Seu a l'Hotel d'Entitats (Sant Dionís 42),https://entitats.salt.cat/directori-entitats/ | https://www.caritasgirona.cat/salt,consulta 2026-10-06 | consulta 2026-10-06 (memòria 2025)
SS13,Punt de Voluntariat de Salt,T13,"Acciona't (voluntariat, Plataforma Educativa)",feble,documentada,funcional,Entitat a la xarxa del Punt de Voluntariat,https://puntvoluntariat.viladesalt.cat/les-entitats-de-salt/,2025-10-13
SS13,Punt de Voluntariat de Salt,T14,Fundesplai (Fundació Catalana de l'Esplai),feble,documentada,funcional,Entitat a la xarxa del Punt de Voluntariat,https://puntvoluntariat.viladesalt.cat/les-entitats-de-salt/,2025-10-13
SS13,Punt de Voluntariat de Salt,T15,Intress,feble,documentada,funcional,Entitat a la xarxa del Punt de Voluntariat,https://puntvoluntariat.viladesalt.cat/les-entitats-de-salt/,2025-10-13
SS13,Punt de Voluntariat de Salt,T16,"Associació Azahara (innovació social, inclusió digital)",feble,documentada,funcional,Entitat a la xarxa del Punt de Voluntariat,https://puntvoluntariat.viladesalt.cat/les-entitats-de-salt/,2025-10-13
SS13,Punt de Voluntariat de Salt,T21,"Associació Milfulles (horts, agroecologia)",feble,documentada,funcional,Entitat a la xarxa del Punt de Voluntariat,https://puntvoluntariat.viladesalt.cat/les-entitats-de-salt/,2025-10-13
SS13,Punt de Voluntariat de Salt,T22,La Comucleta de Salt (bicicleta comunitària),feble,documentada,funcional,Entitat a la xarxa del Punt de Voluntariat,https://puntvoluntariat.viladesalt.cat/les-entitats-de-salt/,2025-10-13
SS13,Punt de Voluntariat de Salt,T23,El Prestatge de Salt (préstec d'objectes),feble,documentada,funcional,Entitat a la xarxa del Punt de Voluntariat,https://puntvoluntariat.viladesalt.cat/les-entitats-de-salt/,2025-10-13
SS13,Punt de Voluntariat de Salt,T24,Protecció Civil de Salt (voluntaris),feble,documentada,funcional,Entitat a la xarxa del Punt de Voluntariat,https://puntvoluntariat.viladesalt.cat/les-entitats-de-salt/,2025-10-13
C25,Associació Salt Fiction (Espai Guimerà 76),E41,Espai lector / Seminari de Biblioteques Escolars (Salt Fiction),forta,documentada,funcional,Salt Fiction dinamitza el Seminari de Biblioteques Escolars,https://puntvoluntariat.viladesalt.cat/les-entitats-de-salt/,2025-10-13
P01,Ajuntament de Salt – Alcaldia i Ple municipal,C25,Associació Salt Fiction (Espai Guimerà 76),forta,documentada,funcional,Suport municipal a Salt Fiction,https://puntvoluntariat.viladesalt.cat/les-entitats-de-salt/,2025-10-13
P08,Generalitat – Departament d'Educació i FP (Serveis Territorials Girona),E02,Pla Educatiu d'Entorn de Salt (des de 2005; projecte marc 2026),forta,documentada,funcional,Pla Educatiu d'Entorn conveniat amb el Departament (des de 2005),https://educacio.viladesalt.cat/wp-content/uploads/2026/02/Sessio-tancament-PES-19-25.pdf,2026-02
P08,Generalitat – Departament d'Educació i FP (Serveis Territorials Girona),P13,"Pacte de Ciutat per a l'Educació de Salt (aprovat el 2025, 48 accions)",forta,documentada,funcional,Pacte de Ciutat amb implicació del Departament,https://www.diaridegirona.cat/girona/2025/03/17/salt-porta-ple-pacte-ciutat-115392372.html,2025-03-17
P01,Ajuntament de Salt – Alcaldia i Ple municipal,P13,"Pacte de Ciutat per a l'Educació de Salt (aprovat el 2025, 48 accions)",forta,documentada,funcional,Pacti aprovat en Ple (mar-2025),https://www.diaridegirona.cat/girona/2025/03/17/salt-porta-ple-pacte-ciutat-115392372.html,2025-03-17
P01,Ajuntament de Salt – Alcaldia i Ple municipal,P08,Generalitat – Departament d'Educació i FP (Serveis Territorials Girona),forta,documentada,funcional,Conveni de cessió de terreny per a l'Institut Salvador Sunyer,https://educacio.viladesalt.cat/wp-content/uploads/2026/02/Sessio-tancament-PES-19-25.pdf,2026-02
P08,Generalitat – Departament d'Educació i FP (Serveis Territorials Girona),E00,"Centres educatius de Salt (4 EB/llars, 12 escoles, 1 CEE, 3 instituts)",forta,documentada,funcional,Titularitat/inspecció dels centres públics,https://educacio.viladesalt.cat/ome/mapa-de-centres-educatius-de-salt/,consulta 2026-10-06
E01,Àrea d'Educació / OME (Oficina Municipal d'Escolarització),E00,"Centres educatius de Salt (4 EB/llars, 12 escoles, 1 CEE, 3 instituts)",forta,documentada,funcional,OME i Àrea d'Educació coordina l'escolarització,https://educacio.viladesalt.cat/faq-items/centres-educatius/,consulta 2026-10-06
E01,Àrea d'Educació / OME (Oficina Municipal d'Escolarització),E02,Pla Educatiu d'Entorn de Salt (des de 2005; projecte marc 2026),forta,documentada,funcional,L'Àrea d'Educació lidera el PEE,https://educacio.viladesalt.cat/wp-content/uploads/2026/02/Sessio-tancament-PES-19-25.pdf,2026-02
E01,Àrea d'Educació / OME (Oficina Municipal d'Escolarització),E03,Consell Escolar Municipal (CEM) i grups de treball,forta,documentada,funcional,CEM i grups de treball,https://educacio.viladesalt.cat/wp-content/uploads/2026/02/Sessio-tancament-PES-19-25.pdf,2026-02
E43,Salt'Educa – Plataforma per l'educació a Salt,P01,Ajuntament de Salt – Alcaldia i Ple municipal,conflicte,documentada,funcional,Salt'Educa va denunciar públicament (feb-2023) que l'Ajuntament 'maquillava' les dades de segregació,https://salteduca.org/docs/La-segregacio-escolar-NO-baixa-a-Salt.pdf,2023-02-22
E43,Salt'Educa – Plataforma per l'educació a Salt,E03,Consell Escolar Municipal (CEM) i grups de treball,feble,documentada,funcional,Participa en comissions del CEM i a la Taula Participativa,https://www.salteduca.org/index.html,consulta 2026-10-06
E43,Salt'Educa – Plataforma per l'educació a Salt,T20,Fundació Bofill,indirecta,documentada,funcional,Usa dades de la Fundació Bofill i del Síndic a la seva incidència,https://salteduca.org/docs/La-segregacio-escolar-NO-baixa-a-Salt.pdf,2023-02-22
E01,Àrea d'Educació / OME (Oficina Municipal d'Escolarització),E42,Coordinadora d'AFA de Salt,feble,documentada,funcional,Suport a AFA i Coordinadora: 'els resultats no han estat els desitjats' (acció 7),https://educacio.viladesalt.cat/wp-content/uploads/2026/02/Sessio-tancament-PES-19-25.pdf,2026-02
E01,Àrea d'Educació / OME (Oficina Municipal d'Escolarització),T03,"Associació VINCLE (mediació, Xarxa Tallers amb Famílies, dinamització AFA, assessorament estrangeria)",forta,documentada,funcional,Xarxa de Tallers amb Famílies i dinamització d'AFA gestionades per Vincle,https://educacio.viladesalt.cat/wp-content/uploads/2023/11/AF-GuiaRecursos-Definitiubo.pdf | https://vincle.org/ca/ambits-de-treball/projectes/xarxa-de-tallers-amb-families,2023-11-22 | consulta 2026-10-06
E13,"Xarxa de Tallers amb Famílies (Parlem, Creem, Cliquem...) – Vincle/Àrea d'Educació",T03,"Associació VINCLE (mediació, Xarxa Tallers amb Famílies, dinamització AFA, assessorament estrangeria)",forta,documentada,funcional,Vincle gestiona la Xarxa des de 2015,https://vincle.org/ca/ambits-de-treball/projectes/xarxa-de-tallers-amb-families,consulta 2026-10-06
E13,"Xarxa de Tallers amb Famílies (Parlem, Creem, Cliquem...) – Vincle/Àrea d'Educació",E00,"Centres educatius de Salt (4 EB/llars, 12 escoles, 1 CEE, 3 instituts)",forta,documentada,funcional,Tallers amb famílies als centres,https://vincle.org/ca/ambits-de-treball/projectes/xarxa-de-tallers-amb-families,consulta 2026-10-06
E10,Programa 'Sigues tu' (Dipsalut) en escoles i instituts,E00,"Centres educatius de Salt (4 EB/llars, 12 escoles, 1 CEE, 3 instituts)",forta,documentada,funcional,'Sigues tu' s'aplica en escoles i instituts de Salt,https://educacio.viladesalt.cat/sigues-tu/,consulta 2026-10-06
E10,Programa 'Sigues tu' (Dipsalut) en escoles i instituts,E02,Pla Educatiu d'Entorn de Salt (des de 2005; projecte marc 2026),forta,documentada,funcional,Inclòs a l'acció 69 (convivència) del Pla Educatiu,https://educacio.viladesalt.cat/wp-content/uploads/2026/02/Sessio-tancament-PES-19-25.pdf,2026-02
S03,EAP Salt – Direcció (centre CSIR),E02,Pla Educatiu d'Entorn de Salt (des de 2005; projecte marc 2026),feble,documentada,funcional,"Xerrades de l'àrea comunitària de l'ABS (psicologia, nutrició, infermeria) a l'acció 69",https://educacio.viladesalt.cat/wp-content/uploads/2026/02/Sessio-tancament-PES-19-25.pdf,2026-02
S08,Programa Salut i Escola (infermeria referent EAP),E00,"Centres educatius de Salt (4 EB/llars, 12 escoles, 1 CEE, 3 instituts)",forta,documentada,funcional,Programa Salut i Escola en instituts (cartera EAP),https://icsgirona.cat/ca/eap-salt,consulta 2026-10-06
S09,"Pediatria i infermeria pediàtrica EAP (Nen sa, vacunes escolars, salut bucodental escoles, 'Nen@s en moviment')",E00,"Centres educatius de Salt (4 EB/llars, 12 escoles, 1 CEE, 3 instituts)",forta,documentada,funcional,Vacunacions i salut bucodental a les escoles,https://icsgirona.cat/ca/eap-salt,consulta 2026-10-06
E05,EAP Gironès – Equip d'Assessorament Psicopedagògic (Servei Educatiu del Gironès),E00,"Centres educatius de Salt (4 EB/llars, 12 escoles, 1 CEE, 3 instituts)",forta,documentada,funcional,EAP educatiu assessora a tots els centres públics,https://serveiseducatius.xtec.cat/girones/el-servei-educatiu/eap/,consulta 2026-10-06
E05,EAP Gironès – Equip d'Assessorament Psicopedagògic (Servei Educatiu del Gironès),E02,Pla Educatiu d'Entorn de Salt (des de 2005; projecte marc 2026),feble,documentada,funcional,L'informe PES 2019-20 es pregunta si l'EAP educatiu 'podria participar' al Grup Motor,https://educacio.viladesalt.cat/wp-content/uploads/2026/02/Sessio-tancament-PES-19-25.pdf,2026-02
E05,EAP Gironès – Equip d'Assessorament Psicopedagògic (Servei Educatiu del Gironès),S17,CSMIJ Gironès-Pla de l'Estany (IAS),forta,hipòtesi a validar amb l'equip,funcional,Coordinació EAP educatiu–CSMIJ (habitual; no documentada públicament),hipòtesi,
E05,EAP Gironès – Equip d'Assessorament Psicopedagògic (Servei Educatiu del Gironès),S24,CDIAP Salt-Gironès (Grup Fundació Ramon Noguera),forta,hipòtesi a validar amb l'equip,funcional,Coordinació EAP educatiu–CDIAP (habitual; no documentada),hipòtesi,
E08,Programa #aquiproubullying (Departament d'Educació) en centres de Salt,E02,Pla Educatiu d'Entorn de Salt (des de 2005; projecte marc 2026),feble,documentada,funcional,"Alguns centres segueixen #aquiproubullying; uns altres, pràctiques restauratives",https://educacio.viladesalt.cat/wp-content/uploads/2023/02/Informe-de-Seguiment-del-PES-2021-2022.pdf,2023-02
P08,Generalitat – Departament d'Educació i FP (Serveis Territorials Girona),E08,Programa #aquiproubullying (Departament d'Educació) en centres de Salt,forta,documentada,funcional,Programa del Departament,https://educacio.viladesalt.cat/wp-content/uploads/2023/02/Informe-de-Seguiment-del-PES-2021-2022.pdf,2023-02
E08,Programa #aquiproubullying (Departament d'Educació) en centres de Salt,E00,"Centres educatius de Salt (4 EB/llars, 12 escoles, 1 CEE, 3 instituts)",feble,documentada,funcional,Adhesió parcial de centres (2021-22),https://educacio.viladesalt.cat/wp-content/uploads/2023/02/Informe-de-Seguiment-del-PES-2021-2022.pdf,2023-02
E09,Test BULL-S (avaluació sociomètrica de l'assetjament) a Salt,E00,"Centres educatius de Salt (4 EB/llars, 12 escoles, 1 CEE, 3 instituts)",feble,hipòtesi a validar amb l'equip,funcional,BULL-S: aplicació a Salt no documentada; validar qui ho aplica,hipòtesi,
E09,Test BULL-S (avaluació sociomètrica de l'assetjament) a Salt,E05,EAP Gironès – Equip d'Assessorament Psicopedagògic (Servei Educatiu del Gironès),indirecta,hipòtesi a validar amb l'equip,funcional,Possible vincle amb EAP educatiu/orientació: a validar,hipòtesi,
T02,"Casal dels Infants – Salt (COA, CIMS, Dinem Junts/RAI ESO, Casal Familiar/SOAF, Espai Dones, XAT)",E08,Programa #aquiproubullying (Departament d'Educació) en centres de Salt,feble,documentada,funcional,El Casal dels Infants va formar sobre bullying i va connectar amb instituts (2022),https://educacio.viladesalt.cat/wp-content/uploads/2023/02/Informe-de-Seguiment-del-PES-2021-2022.pdf,2023-02
SS24,Àrea de Joventut (Pla Local de Joventut 2024-2027; programes VIP 1 i 2),E02,Pla Educatiu d'Entorn de Salt (des de 2005; projecte marc 2026),forta,documentada,funcional,Programes VIP 1 i 2 i taller de 3r ESO (acció 69),https://educacio.viladesalt.cat/wp-content/uploads/2026/02/Sessio-tancament-PES-19-25.pdf,2026-02
SS24,Àrea de Joventut (Pla Local de Joventut 2024-2027; programes VIP 1 i 2),E00,"Centres educatius de Salt (4 EB/llars, 12 escoles, 1 CEE, 3 instituts)",forta,documentada,funcional,Tallers de Joventut en instituts,https://educacio.viladesalt.cat/wp-content/uploads/2026/02/Sessio-tancament-PES-19-25.pdf,2026-02
E40,Consell Esportiu del Gironès (Pla Català de l'Esport a l'Escola),E00,"Centres educatius de Salt (4 EB/llars, 12 escoles, 1 CEE, 3 instituts)",forta,documentada,funcional,Pla Català de l'Esport: 6 escoles i 3 instituts,https://educacio.viladesalt.cat/wp-content/uploads/2026/02/Sessio-tancament-PES-19-25.pdf,2026-02
P12,Consell Comarcal del Gironès,E11,Espai Migdia (grup de treball menjador escolar),forta,documentada,funcional,Espai Migdia amb tècnics del Consell Comarcal,https://educacio.viladesalt.cat/wp-content/uploads/2026/02/Sessio-tancament-PES-19-25.pdf,2026-02
E11,Espai Migdia (grup de treball menjador escolar),E00,"Centres educatius de Salt (4 EB/llars, 12 escoles, 1 CEE, 3 instituts)",forta,documentada,funcional,Coordinació del menjador amb els centres,https://educacio.viladesalt.cat/wp-content/uploads/2026/02/Sessio-tancament-PES-19-25.pdf,2026-02
E12,Saltem a l'Escola (transició a I3) i Taula de la petita infància,X06,Infància 0-3 no escolaritzada i les seves famílies,forta,documentada,funcional,Transició a I3 i escolarització primerenca,https://educacio.viladesalt.cat/wp-content/uploads/2026/02/Sessio-tancament-PES-19-25.pdf | https://www.diaridegirona.cat/girona/2025/03/17/salt-porta-ple-pacte-ciutat-115392372.html,2026-02 | 2025-03-17
E39,Fundació Probitas (beques menjador; finança 'Dinem Junts'),T02,"Casal dels Infants – Salt (COA, CIMS, Dinem Junts/RAI ESO, Casal Familiar/SOAF, Espai Dones, XAT)",forta,documentada,funcional,Probitas finança el 61% de 'Dinem Junts',https://educacio.viladesalt.cat/wp-content/uploads/2026/02/Sessio-tancament-PES-19-25.pdf,2026-02
T02,"Casal dels Infants – Salt (COA, CIMS, Dinem Junts/RAI ESO, Casal Familiar/SOAF, Espai Dones, XAT)",E32,"Institut Salvador Espriu (ESO, Batx., CFGM)",forta,documentada,funcional,'Dinem Junts' per a alumnat d'instituts públics,https://educacio.viladesalt.cat/wp-content/uploads/2026/02/Sessio-tancament-PES-19-25.pdf,2026-02
T02,"Casal dels Infants – Salt (COA, CIMS, Dinem Junts/RAI ESO, Casal Familiar/SOAF, Espai Dones, XAT)",E33,"Institut Salvador Sunyer i Aimeric (ESO, Batx., CFGM)",forta,documentada,funcional,'Dinem Junts' per a alumnat d'instituts públics,https://educacio.viladesalt.cat/wp-content/uploads/2026/02/Sessio-tancament-PES-19-25.pdf,2026-02
T02,"Casal dels Infants – Salt (COA, CIMS, Dinem Junts/RAI ESO, Casal Familiar/SOAF, Espai Dones, XAT)",E34,"Institut Vallvera (ESO, Batx., CFGM, CFGS)",forta,documentada,funcional,'Dinem Junts' per a alumnat d'instituts públics,https://educacio.viladesalt.cat/wp-content/uploads/2026/02/Sessio-tancament-PES-19-25.pdf,2026-02
T01,"Càritas Salt (Acollida, CDA, Espai amb Cor, TALC, SIE, Fes+, Proinfància, En Bona Companyia, PATI, Llaços)",E00,"Centres educatius de Salt (4 EB/llars, 12 escoles, 1 CEE, 3 instituts)",forta,documentada,funcional,SIE de Càritas col·labora estretament amb els centres educatius,https://www.caritasgirona.cat/salt,consulta 2026-10-06 (memòria 2025)
T01,"Càritas Salt (Acollida, CDA, Espai amb Cor, TALC, SIE, Fes+, Proinfància, En Bona Companyia, PATI, Llaços)",E02,Pla Educatiu d'Entorn de Salt (des de 2005; projecte marc 2026),forta,documentada,funcional,SIE i Fes+ a la guia de recursos socioeducatius,https://educacio.viladesalt.cat/wp-content/uploads/2023/11/AF-GuiaRecursos-Definitiubo.pdf,2023-11-22
T04,"Associació Socioeducativa Nou Sol (Reforça't, Apodera't, Espai Jove)",E02,Pla Educatiu d'Entorn de Salt (des de 2005; projecte marc 2026),forta,documentada,funcional,Reforça't / Apodera't a la guia de recursos socioeducatius,https://educacio.viladesalt.cat/wp-content/uploads/2023/11/AF-GuiaRecursos-Definitiubo.pdf | https://educacio.viladesalt.cat/wp-content/uploads/2026/02/Sessio-tancament-PES-19-25.pdf,2023-11-22 | 2026-02
T09,Suara Cooperativa (reforç educatiu ESO i postobligatori),E02,Pla Educatiu d'Entorn de Salt (des de 2005; projecte marc 2026),forta,documentada,funcional,Reforç educatiu ESO a la guia,https://educacio.viladesalt.cat/wp-content/uploads/2023/11/AF-GuiaRecursos-Definitiubo.pdf,2023-11-22
T05,Associació DOTA – Dones per la formació,E35,CFA Les Bernardes (Centre de Formació d'Adults),feble,documentada,funcional,DOTA i CFA a l'oferta de formació d'adults (acció 70),https://educacio.viladesalt.cat/wp-content/uploads/2026/02/Sessio-tancament-PES-19-25.pdf,2026-02
C16,Ateneu Popular Coma Cros,E35,CFA Les Bernardes (Centre de Formació d'Adults),feble,documentada,funcional,Ateneu Popular Coma Cros a l'oferta d'adults (acció 70),https://educacio.viladesalt.cat/wp-content/uploads/2026/02/Sessio-tancament-PES-19-25.pdf,2026-02
S08,Programa Salut i Escola (infermeria referent EAP),SS04,SIAJ i Tarda Oberta – educació social de carrer (CBSGS),feble,hipòtesi a validar amb l'equip,funcional,Salut i Escola – educació social de carrer: a validar,hipòtesi,
S08,Programa Salut i Escola (infermeria referent EAP),SS24,Àrea de Joventut (Pla Local de Joventut 2024-2027; programes VIP 1 i 2),feble,hipòtesi a validar amb l'equip,funcional,Salut i Escola – Joventut: a validar,hipòtesi,
S08,Programa Salut i Escola (infermeria referent EAP),E32,"Institut Salvador Espriu (ESO, Batx., CFGM)",forta,documentada,funcional,"Programa Salut i Escola a l'Institut Salvador Espriu (Memòria 2025, p. 14)","Memòria anual Comissió Comunitària EAP Salt 2025 (ICS, document intern)",2026-01 (document intern)
S08,Programa Salut i Escola (infermeria referent EAP),E33,"Institut Salvador Sunyer i Aimeric (ESO, Batx., CFGM)",forta,documentada,funcional,"Programa Salut i Escola a l'Institut Salvador Sunyer i Aimeric (Memòria 2025, p. 14)","Memòria anual Comissió Comunitària EAP Salt 2025 (ICS, document intern)",2026-01 (document intern)
S08,Programa Salut i Escola (infermeria referent EAP),E34,"Institut Vallvera (ESO, Batx., CFGM, CFGS)",forta,documentada,funcional,"Programa Salut i Escola a l'Institut Vallvera (Memòria 2025, p. 14)","Memòria anual Comissió Comunitària EAP Salt 2025 (ICS, document intern)",2026-01 (document intern)
S24,CDIAP Salt-Gironès (Grup Fundació Ramon Noguera),E15,Escola Bressol Municipal El Carrilet,feble,hipòtesi a validar amb l'equip,funcional,CDIAP – escoles bressol: a validar,hipòtesi,
S24,CDIAP Salt-Gironès (Grup Fundació Ramon Noguera),E16,Escola Bressol Municipal El Lledoner,feble,hipòtesi a validar amb l'equip,funcional,CDIAP – escoles bressol: a validar,hipòtesi,
AF01,AFA Escola Bressol El Carrilet,E15,Escola Bressol Municipal El Carrilet,forta,documentada,estructural (pertinença/seu/agregador),AFA/AMPA del centre,https://entitats.salt.cat/directori-entitats/,consulta 2026-10-06
AF02,AFA Escola Bressol El Lledoner,E16,Escola Bressol Municipal El Lledoner,forta,documentada,estructural (pertinença/seu/agregador),AFA/AMPA del centre,https://entitats.salt.cat/directori-entitats/,consulta 2026-10-06
AF03,AMPA Escola El Gegant del Rec,E19,Escola El Gegant del Rec (pública),forta,documentada,estructural (pertinença/seu/agregador),AFA/AMPA del centre,https://entitats.salt.cat/directori-entitats/,consulta 2026-10-06
AF04,AMPA Escola La Farga,E22,Escola La Farga (pública),forta,documentada,estructural (pertinença/seu/agregador),AFA/AMPA del centre,https://entitats.salt.cat/directori-entitats/,consulta 2026-10-06
AF05,AMPA Escola Les Deveses,E24,Escola Les Deveses (pública),forta,documentada,estructural (pertinença/seu/agregador),AFA/AMPA del centre,https://entitats.salt.cat/directori-entitats/,consulta 2026-10-06
AF06,AMPA Escola El Veïnat,E21,Escola El Veïnat (pública),forta,documentada,estructural (pertinença/seu/agregador),AFA/AMPA del centre,https://entitats.salt.cat/directori-entitats/,consulta 2026-10-06
AF07,AMPA Escola del Pla,E20,Escola El Pla (pública),forta,documentada,estructural (pertinença/seu/agregador),AFA/AMPA del centre,https://entitats.salt.cat/directori-entitats/,consulta 2026-10-06
AF08,AFA Escola Les Arrels,E23,Escola Les Arrels (pública),forta,documentada,estructural (pertinença/seu/agregador),AFA/AMPA del centre,https://entitats.salt.cat/directori-entitats/,consulta 2026-10-06
AF09,AMPA Escola Mas Masó,E25,Escola Mas Masó (pública),forta,documentada,estructural (pertinença/seu/agregador),AFA/AMPA del centre,https://entitats.salt.cat/directori-entitats/,consulta 2026-10-06
AF10,AMPA Escola Pompeu Fabra,E28,Escola Pompeu Fabra (concertada),forta,documentada,estructural (pertinença/seu/agregador),AFA/AMPA del centre,https://entitats.salt.cat/directori-entitats/,consulta 2026-10-06
AF11,AMPA Escola Silvestre Santaló,E26,Escola Silvestre Santaló (pública),forta,documentada,estructural (pertinença/seu/agregador),AFA/AMPA del centre,https://entitats.salt.cat/directori-entitats/,consulta 2026-10-06
AF12,AFA Escola Pia Salt,E27,Escola Pia de Salt (concertada),forta,documentada,estructural (pertinença/seu/agregador),AFA/AMPA del centre,https://entitats.salt.cat/directori-entitats/,consulta 2026-10-06
AF14,AMPA IES Salvador Espriu,E32,"Institut Salvador Espriu (ESO, Batx., CFGM)",forta,documentada,estructural (pertinença/seu/agregador),AFA/AMPA del centre,https://entitats.salt.cat/directori-entitats/,consulta 2026-10-06
AF15,AMPA Institut Salvador Sunyer,E33,"Institut Salvador Sunyer i Aimeric (ESO, Batx., CFGM)",forta,documentada,estructural (pertinença/seu/agregador),AFA/AMPA del centre,https://entitats.salt.cat/directori-entitats/,consulta 2026-10-06
AF16,AMPA IES Vallvera,E34,"Institut Vallvera (ESO, Batx., CFGM, CFGS)",forta,documentada,estructural (pertinença/seu/agregador),AFA/AMPA del centre,https://entitats.salt.cat/directori-entitats/,consulta 2026-10-06
AF01,AFA Escola Bressol El Carrilet,E42,Coordinadora d'AFA de Salt,feble,hipòtesi a validar amb l'equip,funcional,Pertinença i activitat a la Coordinadora: a validar,hipòtesi,
AF02,AFA Escola Bressol El Lledoner,E42,Coordinadora d'AFA de Salt,feble,hipòtesi a validar amb l'equip,funcional,Pertinença i activitat a la Coordinadora: a validar,hipòtesi,
AF03,AMPA Escola El Gegant del Rec,E42,Coordinadora d'AFA de Salt,feble,hipòtesi a validar amb l'equip,funcional,Pertinença i activitat a la Coordinadora: a validar,hipòtesi,
AF04,AMPA Escola La Farga,E42,Coordinadora d'AFA de Salt,feble,hipòtesi a validar amb l'equip,funcional,Pertinença i activitat a la Coordinadora: a validar,hipòtesi,
AF05,AMPA Escola Les Deveses,E42,Coordinadora d'AFA de Salt,feble,hipòtesi a validar amb l'equip,funcional,Pertinença i activitat a la Coordinadora: a validar,hipòtesi,
AF06,AMPA Escola El Veïnat,E42,Coordinadora d'AFA de Salt,feble,hipòtesi a validar amb l'equip,funcional,Pertinença i activitat a la Coordinadora: a validar,hipòtesi,
AF07,AMPA Escola del Pla,E42,Coordinadora d'AFA de Salt,feble,hipòtesi a validar amb l'equip,funcional,Pertinença i activitat a la Coordinadora: a validar,hipòtesi,
AF08,AFA Escola Les Arrels,E42,Coordinadora d'AFA de Salt,feble,hipòtesi a validar amb l'equip,funcional,Pertinença i activitat a la Coordinadora: a validar,hipòtesi,
AF09,AMPA Escola Mas Masó,E42,Coordinadora d'AFA de Salt,feble,hipòtesi a validar amb l'equip,funcional,Pertinença i activitat a la Coordinadora: a validar,hipòtesi,
AF10,AMPA Escola Pompeu Fabra,E42,Coordinadora d'AFA de Salt,feble,hipòtesi a validar amb l'equip,funcional,Pertinença i activitat a la Coordinadora: a validar,hipòtesi,
AF11,AMPA Escola Silvestre Santaló,E42,Coordinadora d'AFA de Salt,feble,hipòtesi a validar amb l'equip,funcional,Pertinença i activitat a la Coordinadora: a validar,hipòtesi,
AF12,AFA Escola Pia Salt,E42,Coordinadora d'AFA de Salt,feble,hipòtesi a validar amb l'equip,funcional,Pertinença i activitat a la Coordinadora: a validar,hipòtesi,
AF14,AMPA IES Salvador Espriu,E42,Coordinadora d'AFA de Salt,feble,hipòtesi a validar amb l'equip,funcional,Pertinença i activitat a la Coordinadora: a validar,hipòtesi,
AF15,AMPA Institut Salvador Sunyer,E42,Coordinadora d'AFA de Salt,feble,hipòtesi a validar amb l'equip,funcional,Pertinença i activitat a la Coordinadora: a validar,hipòtesi,
AF16,AMPA IES Vallvera,E42,Coordinadora d'AFA de Salt,feble,hipòtesi a validar amb l'equip,funcional,Pertinença i activitat a la Coordinadora: a validar,hipòtesi,
AF13,AMPA Mare de Déu del Roser,E42,Coordinadora d'AFA de Salt,feble,hipòtesi a validar amb l'equip,funcional,Pertinença i activitat a la Coordinadora: a validar,hipòtesi,
E15,Escola Bressol Municipal El Carrilet,E00,"Centres educatius de Salt (4 EB/llars, 12 escoles, 1 CEE, 3 instituts)",forta,documentada,estructural (pertinença/seu/agregador),Centre educatiu de Salt (agregador),https://educacio.viladesalt.cat/ome/mapa-de-centres-educatius-de-salt/,consulta 2026-10-06
E16,Escola Bressol Municipal El Lledoner,E00,"Centres educatius de Salt (4 EB/llars, 12 escoles, 1 CEE, 3 instituts)",forta,documentada,estructural (pertinença/seu/agregador),Centre educatiu de Salt (agregador),https://educacio.viladesalt.cat/ome/mapa-de-centres-educatius-de-salt/,consulta 2026-10-06
E17,Llar d'infants El Barrufet (privada),E00,"Centres educatius de Salt (4 EB/llars, 12 escoles, 1 CEE, 3 instituts)",forta,documentada,estructural (pertinença/seu/agregador),Centre educatiu de Salt (agregador),https://educacio.viladesalt.cat/ome/mapa-de-centres-educatius-de-salt/,consulta 2026-10-06
E18,Llar d'infants El Petit Príncep (privada),E00,"Centres educatius de Salt (4 EB/llars, 12 escoles, 1 CEE, 3 instituts)",forta,documentada,estructural (pertinença/seu/agregador),Centre educatiu de Salt (agregador),https://educacio.viladesalt.cat/ome/mapa-de-centres-educatius-de-salt/,consulta 2026-10-06
E19,Escola El Gegant del Rec (pública),E00,"Centres educatius de Salt (4 EB/llars, 12 escoles, 1 CEE, 3 instituts)",forta,documentada,estructural (pertinença/seu/agregador),Centre educatiu de Salt (agregador),https://educacio.viladesalt.cat/ome/mapa-de-centres-educatius-de-salt/,consulta 2026-10-06
E20,Escola El Pla (pública),E00,"Centres educatius de Salt (4 EB/llars, 12 escoles, 1 CEE, 3 instituts)",forta,documentada,estructural (pertinença/seu/agregador),Centre educatiu de Salt (agregador),https://educacio.viladesalt.cat/ome/mapa-de-centres-educatius-de-salt/,consulta 2026-10-06
E21,Escola El Veïnat (pública),E00,"Centres educatius de Salt (4 EB/llars, 12 escoles, 1 CEE, 3 instituts)",forta,documentada,estructural (pertinença/seu/agregador),Centre educatiu de Salt (agregador),https://educacio.viladesalt.cat/ome/mapa-de-centres-educatius-de-salt/,consulta 2026-10-06
E22,Escola La Farga (pública),E00,"Centres educatius de Salt (4 EB/llars, 12 escoles, 1 CEE, 3 instituts)",forta,documentada,estructural (pertinença/seu/agregador),Centre educatiu de Salt (agregador),https://educacio.viladesalt.cat/ome/mapa-de-centres-educatius-de-salt/,consulta 2026-10-06
E23,Escola Les Arrels (pública),E00,"Centres educatius de Salt (4 EB/llars, 12 escoles, 1 CEE, 3 instituts)",forta,documentada,estructural (pertinença/seu/agregador),Centre educatiu de Salt (agregador),https://educacio.viladesalt.cat/ome/mapa-de-centres-educatius-de-salt/,consulta 2026-10-06
E24,Escola Les Deveses (pública),E00,"Centres educatius de Salt (4 EB/llars, 12 escoles, 1 CEE, 3 instituts)",forta,documentada,estructural (pertinença/seu/agregador),Centre educatiu de Salt (agregador),https://educacio.viladesalt.cat/ome/mapa-de-centres-educatius-de-salt/,consulta 2026-10-06
E25,Escola Mas Masó (pública),E00,"Centres educatius de Salt (4 EB/llars, 12 escoles, 1 CEE, 3 instituts)",forta,documentada,estructural (pertinença/seu/agregador),Centre educatiu de Salt (agregador),https://educacio.viladesalt.cat/ome/mapa-de-centres-educatius-de-salt/,consulta 2026-10-06
E26,Escola Silvestre Santaló (pública),E00,"Centres educatius de Salt (4 EB/llars, 12 escoles, 1 CEE, 3 instituts)",forta,documentada,estructural (pertinença/seu/agregador),Centre educatiu de Salt (agregador),https://educacio.viladesalt.cat/ome/mapa-de-centres-educatius-de-salt/,consulta 2026-10-06
E27,Escola Pia de Salt (concertada),E00,"Centres educatius de Salt (4 EB/llars, 12 escoles, 1 CEE, 3 instituts)",forta,documentada,estructural (pertinença/seu/agregador),Centre educatiu de Salt (agregador),https://educacio.viladesalt.cat/ome/mapa-de-centres-educatius-de-salt/,consulta 2026-10-06
E28,Escola Pompeu Fabra (concertada),E00,"Centres educatius de Salt (4 EB/llars, 12 escoles, 1 CEE, 3 instituts)",forta,documentada,estructural (pertinença/seu/agregador),Centre educatiu de Salt (agregador),https://educacio.viladesalt.cat/ome/mapa-de-centres-educatius-de-salt/,consulta 2026-10-06
E29,Escola Vilagran (concertada),E00,"Centres educatius de Salt (4 EB/llars, 12 escoles, 1 CEE, 3 instituts)",forta,documentada,estructural (pertinença/seu/agregador),Centre educatiu de Salt (agregador),https://educacio.viladesalt.cat/ome/mapa-de-centres-educatius-de-salt/,consulta 2026-10-06
E30,FEDAC Dominiques de Salt (concertada),E00,"Centres educatius de Salt (4 EB/llars, 12 escoles, 1 CEE, 3 instituts)",forta,documentada,estructural (pertinença/seu/agregador),Centre educatiu de Salt (agregador),https://educacio.viladesalt.cat/ome/mapa-de-centres-educatius-de-salt/,consulta 2026-10-06
E31,Centre d'Educació Especial La Maçana,E00,"Centres educatius de Salt (4 EB/llars, 12 escoles, 1 CEE, 3 instituts)",forta,documentada,estructural (pertinença/seu/agregador),Centre educatiu de Salt (agregador),https://educacio.viladesalt.cat/ome/mapa-de-centres-educatius-de-salt/,consulta 2026-10-06
E32,"Institut Salvador Espriu (ESO, Batx., CFGM)",E00,"Centres educatius de Salt (4 EB/llars, 12 escoles, 1 CEE, 3 instituts)",forta,documentada,estructural (pertinença/seu/agregador),Centre educatiu de Salt (agregador),https://educacio.viladesalt.cat/ome/mapa-de-centres-educatius-de-salt/,consulta 2026-10-06
E33,"Institut Salvador Sunyer i Aimeric (ESO, Batx., CFGM)",E00,"Centres educatius de Salt (4 EB/llars, 12 escoles, 1 CEE, 3 instituts)",forta,documentada,estructural (pertinença/seu/agregador),Centre educatiu de Salt (agregador),https://educacio.viladesalt.cat/ome/mapa-de-centres-educatius-de-salt/,consulta 2026-10-06
E34,"Institut Vallvera (ESO, Batx., CFGM, CFGS)",E00,"Centres educatius de Salt (4 EB/llars, 12 escoles, 1 CEE, 3 instituts)",forta,documentada,estructural (pertinença/seu/agregador),Centre educatiu de Salt (agregador),https://educacio.viladesalt.cat/ome/mapa-de-centres-educatius-de-salt/,consulta 2026-10-06
T01,"Càritas Salt (Acollida, CDA, Espai amb Cor, TALC, SIE, Fes+, Proinfància, En Bona Companyia, PATI, Llaços)",SS06,Centre de Distribució d'Aliments de Salt (CBSGS + Càritas),forta,documentada,funcional,Càritas gestiona el CDA coordinat amb Serveis Socials,https://www.caritasgirona.cat/salt | https://www.cbs.cat/centre-de-distribucio-daliments-salt/,consulta 2026-10-06 (memòria 2025) | consulta 2026-10-06
T01,"Càritas Salt (Acollida, CDA, Espai amb Cor, TALC, SIE, Fes+, Proinfància, En Bona Companyia, PATI, Llaços)",SS01,Serveis Socials Bàsics de Salt (CBSGS),forta,documentada,funcional,SIE/acolliment 'en coordinació amb serveis socials',https://www.caritasgirona.cat/salt,consulta 2026-10-06 (memòria 2025)
T01,"Càritas Salt (Acollida, CDA, Espai amb Cor, TALC, SIE, Fes+, Proinfància, En Bona Companyia, PATI, Llaços)",R10,Parròquies catòliques de Sant Cugat i Sant Jaume (+ Càritas parroquial),forta,documentada,funcional,Càritas Salt – Agrupació de parròquies,https://entitats.salt.cat/directori-entitats/ | https://www.caritasgirona.cat/salt,consulta 2026-10-06 | consulta 2026-10-06 (memòria 2025)
T01,"Càritas Salt (Acollida, CDA, Espai amb Cor, TALC, SIE, Fes+, Proinfància, En Bona Companyia, PATI, Llaços)",X03,Persones grans soles / solitud no desitjada,forta,documentada,funcional,'En Bona Companyia' i 'Grans Moments',https://www.caritasgirona.cat/salt,consulta 2026-10-06 (memòria 2025)
T01,"Càritas Salt (Acollida, CDA, Espai amb Cor, TALC, SIE, Fes+, Proinfància, En Bona Companyia, PATI, Llaços)",X05,Famílies amb privació material (usuàries de CDA i ajudes),forta,documentada,funcional,CDA i targetes moneder,https://www.caritasgirona.cat/salt,consulta 2026-10-06 (memòria 2025)
T01,"Càritas Salt (Acollida, CDA, Espai amb Cor, TALC, SIE, Fes+, Proinfància, En Bona Companyia, PATI, Llaços)",X08,Persones sense llar / infrahabitatge,forta,documentada,funcional,Programes Llaços (sinhogar) i PATI,https://www.caritasgirona.cat/salt,consulta 2026-10-06 (memòria 2025)
T01,"Càritas Salt (Acollida, CDA, Espai amb Cor, TALC, SIE, Fes+, Proinfància, En Bona Companyia, PATI, Llaços)",X02,Dones migrades nouvingudes / amb barrera idiomàtica,forta,documentada,funcional,TALC: acolliment lingüístic i cultural,https://www.caritasgirona.cat/salt,consulta 2026-10-06 (memòria 2025)
T02,"Casal dels Infants – Salt (COA, CIMS, Dinem Junts/RAI ESO, Casal Familiar/SOAF, Espai Dones, XAT)",X07,"Adolescents a l'espai públic (places, parcs)",forta,documentada,funcional,Centre Obert Adolescent / Casal Adolescents 12-16,https://www.casaldelsinfants.org/on-treballem/salt/ | https://www.casaldelsinfants.org/actualitat/casaladolescentssalt-2025/,consulta 2026-10-06 | 2025-08-05
T02,"Casal dels Infants – Salt (COA, CIMS, Dinem Junts/RAI ESO, Casal Familiar/SOAF, Espai Dones, XAT)",X02,Dones migrades nouvingudes / amb barrera idiomàtica,forta,documentada,funcional,Espai Dones del Casal Familiar (dol migratori),https://www.casaldelsinfants.org/on-treballem/salt/,consulta 2026-10-06
T05,Associació DOTA – Dones per la formació,X02,Dones migrades nouvingudes / amb barrera idiomàtica,forta,documentada,funcional,Formació de dones amb menys recursos,https://puntvoluntariat.viladesalt.cat/les-entitats-de-salt/ | https://www.ateneusalt.cat/ca/actualitat/188-textual-texitl-un-projecte-pioner-per-aprendr.html,2025-10-13
T11,Associació Valentes i Acompanyades (matrimonis forçats),X15,Dones i nenes en risc de matrimoni forçat / violències,forta,documentada,funcional,Prevenció de matrimonis forçats,https://puntvoluntariat.viladesalt.cat/les-entitats-de-salt/,2025-10-13
T10,Creu Roja (acompanyament a persones sense llar a Salt),X08,Persones sense llar / infrahabitatge,forta,documentada,funcional,Acompanyament a persones sense llar,https://puntvoluntariat.viladesalt.cat/les-entitats-de-salt/,2025-10-13
T06,"Fundació SER.GI (Porta d'Accés, InSalt)",X01,Joves 16-20 sense vincle formatiu ni laboral (incl. retornats i nouvinguts),forta,documentada,funcional,"InSalt (Porta d'Accés, Fundació SERGI): espai de formació grupal per a joves a partir de 16 anys i seguiment de brigades joves (primera feina) a Salt",https://www.fundaciosergi.org/projectes/insalt-porta-dacces/,consulta 2026-10-07
M01,Associació Dones Gitanes Catalanes,X04,Població gitana no organitzada (absentisme escolar en primària),forta,documentada,funcional,"Alfabetització i inserció de dones gitanes, activitats infantils",https://xeu.cat/associacio-dones-gitanes-catalanes/,dades registre 2025-2026
M02,Associació Cultural del Poble Gitano Rromanipen,X04,Població gitana no organitzada (absentisme escolar en primària),feble,hipòtesi a validar amb l'equip,funcional,Representació de la població gitana no organitzada: a validar,hipòtesi,
R04,Federación de Comunidades Musulmanas Africanas de Cataluña,R01,Comunitat Islàmica de Salt (mesquita),forta,documentada,estructural (pertinença/seu/agregador),Comparteixen seu (C/ Rafael Masó 14),https://entitats.salt.cat/directori-entitats/ | https://entitats.salt.cat/entitat-tax/religiosa/,consulta 2026-10-06 | consulta 2026-10-06
MG00,Associacions de persones migrades (~35 al registre municipal),T03,"Associació VINCLE (mediació, Xarxa Tallers amb Famílies, dinamització AFA, assessorament estrangeria)",feble,hipòtesi a validar amb l'equip,funcional,Mediació intercultural de Vincle amb associacions d'origen: a validar,hipòtesi,
MG00,Associacions de persones migrades (~35 al registre municipal),SS10,"Servei municipal d'Acollida i Ciutadania (Primera acollida, suport lingüístic, assessorament estrangeria)",feble,hipòtesi a validar amb l'equip,funcional,Associacions com a canal del Servei d'Acollida: a validar,hipòtesi,
MG00,Associacions de persones migrades (~35 al registre municipal),S03,EAP Salt – Direcció (centre CSIR),sense relació,documentada,funcional,"La Memòria no recull cap activitat conjunta amb associacions de persones migrades; l'accés a la població nouvinguda passa per la Taula d'Acollida i els grupals (Memòria 2025, p. 8-9, 17, 32)","Memòria anual Comissió Comunitària EAP Salt 2025 (ICS, document intern)",2026-01 (document intern)
R00,"Comunitats religioses (mesquites/oratoris, gurdwara sikh, esglésies evangèliques, parròquies)",S03,EAP Salt – Direcció (centre CSIR),sense relació,documentada,funcional,"La Memòria no recull cap activitat conjunta amb comunitats religioses; inventaria els centres de culte i la tècnica municipal de comunitats religioses (Memòria 2025, p. 28, 34-35)","Memòria anual Comissió Comunitària EAP Salt 2025 (ICS, document intern)",2026-01 (document intern)
R10,Parròquies catòliques de Sant Cugat i Sant Jaume (+ Càritas parroquial),R00,"Comunitats religioses (mesquites/oratoris, gurdwara sikh, esglésies evangèliques, parròquies)",forta,documentada,estructural (pertinença/seu/agregador),Part del conjunt de comunitats religioses,https://totsalt.cat/diversitat-religiosa-a-salt/,2018-11-09
R01,Comunitat Islàmica de Salt (mesquita),R00,"Comunitats religioses (mesquites/oratoris, gurdwara sikh, esglésies evangèliques, parròquies)",forta,documentada,estructural (pertinença/seu/agregador),Comunitat religiosa registrada a Salt,https://entitats.salt.cat/entitat-tax/religiosa/,consulta 2026-10-06
R02,Centro Islámico Mohammed y Sucesores,R00,"Comunitats religioses (mesquites/oratoris, gurdwara sikh, esglésies evangèliques, parròquies)",forta,documentada,estructural (pertinença/seu/agregador),Comunitat religiosa registrada a Salt,https://entitats.salt.cat/entitat-tax/religiosa/,consulta 2026-10-06
R03,Comunidad Islámica Tijani,R00,"Comunitats religioses (mesquites/oratoris, gurdwara sikh, esglésies evangèliques, parròquies)",forta,documentada,estructural (pertinença/seu/agregador),Comunitat religiosa registrada a Salt,https://entitats.salt.cat/entitat-tax/religiosa/,consulta 2026-10-06
R04,Federación de Comunidades Musulmanas Africanas de Cataluña,R00,"Comunitats religioses (mesquites/oratoris, gurdwara sikh, esglésies evangèliques, parròquies)",forta,documentada,estructural (pertinença/seu/agregador),Comunitat religiosa registrada a Salt,https://entitats.salt.cat/entitat-tax/religiosa/,consulta 2026-10-06
R05,Comunitat Religiosa de Mali,R00,"Comunitats religioses (mesquites/oratoris, gurdwara sikh, esglésies evangèliques, parròquies)",forta,documentada,estructural (pertinença/seu/agregador),Comunitat religiosa registrada a Salt,https://entitats.salt.cat/entitat-tax/religiosa/,consulta 2026-10-06
R06,Centro Islámico Imam Malik,R00,"Comunitats religioses (mesquites/oratoris, gurdwara sikh, esglésies evangèliques, parròquies)",forta,documentada,estructural (pertinença/seu/agregador),Comunitat religiosa registrada a Salt,https://entitats.salt.cat/entitat-tax/religiosa/,consulta 2026-10-06
R07,Gurdwara Kalgidhar Sahib Ji (sikh),R00,"Comunitats religioses (mesquites/oratoris, gurdwara sikh, esglésies evangèliques, parròquies)",forta,documentada,estructural (pertinença/seu/agregador),Comunitat religiosa registrada a Salt,https://entitats.salt.cat/entitat-tax/religiosa/,consulta 2026-10-06
R08,Església Evangèlica 'Cristo Viene a las Naciones',R00,"Comunitats religioses (mesquites/oratoris, gurdwara sikh, esglésies evangèliques, parròquies)",forta,documentada,estructural (pertinença/seu/agregador),Comunitat religiosa registrada a Salt,https://entitats.salt.cat/entitat-tax/religiosa/,consulta 2026-10-06
R09,Iglesia de Dios – Centre Cristià FEAM Salt,R00,"Comunitats religioses (mesquites/oratoris, gurdwara sikh, esglésies evangèliques, parròquies)",forta,documentada,estructural (pertinença/seu/agregador),Comunitat religiosa registrada a Salt,https://entitats.salt.cat/entitat-tax/religiosa/,consulta 2026-10-06
MG01,Associació Joves Gambians,MG00,Associacions de persones migrades (~35 al registre municipal),forta,documentada,estructural (pertinença/seu/agregador),Associació al registre municipal,https://entitats.salt.cat/directori-entitats/,consulta 2026-10-06
MG02,Ajuda Humanitària de Gàmbia – ASAGA,MG00,Associacions de persones migrades (~35 al registre municipal),forta,documentada,estructural (pertinença/seu/agregador),Associació al registre municipal,https://entitats.salt.cat/directori-entitats/,consulta 2026-10-06
MG03,Assoc. de Malians i Malianes de Salt i les comarques gironines,MG00,Associacions de persones migrades (~35 al registre municipal),forta,documentada,estructural (pertinença/seu/agregador),Associació al registre municipal,https://entitats.salt.cat/directori-entitats/,consulta 2026-10-06
MG04,Assoc. Cultural de Comunitats Soninkara,MG00,Associacions de persones migrades (~35 al registre municipal),forta,documentada,estructural (pertinença/seu/agregador),Associació al registre municipal,https://entitats.salt.cat/directori-entitats/,consulta 2026-10-06
MG05,Associació Fulbe Fuladu Kolda,MG00,Associacions de persones migrades (~35 al registre municipal),forta,documentada,estructural (pertinença/seu/agregador),Associació al registre municipal,https://entitats.salt.cat/directori-entitats/,consulta 2026-10-06
MG06,Assoc. pel Desenvolupament Fouladou Senegal,MG00,Associacions de persones migrades (~35 al registre municipal),forta,documentada,estructural (pertinença/seu/agregador),Associació al registre municipal,https://entitats.salt.cat/directori-entitats/,consulta 2026-10-06
MG07,Associació de Treballadors Africans Garawol,MG00,Associacions de persones migrades (~35 al registre municipal),forta,documentada,estructural (pertinença/seu/agregador),Associació al registre municipal,https://entitats.salt.cat/directori-entitats/,consulta 2026-10-06
MG08,Assoc. de Hondureños de Girona,MG00,Associacions de persones migrades (~35 al registre municipal),forta,documentada,estructural (pertinença/seu/agregador),Associació al registre municipal,https://entitats.salt.cat/directori-entitats/,consulta 2026-10-06
MG09,Associació de Peruans a Girona,MG00,Associacions de persones migrades (~35 al registre municipal),forta,documentada,estructural (pertinença/seu/agregador),Associació al registre municipal,https://entitats.salt.cat/directori-entitats/,consulta 2026-10-06
MG10,Associació Cultural Tardes Colombianas,MG00,Associacions de persones migrades (~35 al registre municipal),forta,documentada,estructural (pertinença/seu/agregador),Associació al registre municipal,https://entitats.salt.cat/directori-entitats/,consulta 2026-10-06
MG11,Nigeria Youth Association Girona,MG00,Associacions de persones migrades (~35 al registre municipal),forta,documentada,estructural (pertinença/seu/agregador),Associació al registre municipal,https://entitats.salt.cat/directori-entitats/,consulta 2026-10-06
MG12,Associació Cultural i de suport als Nigerians Edo State Union,MG00,Associacions de persones migrades (~35 al registre municipal),forta,documentada,estructural (pertinença/seu/agregador),Associació al registre municipal,https://entitats.salt.cat/directori-entitats/,consulta 2026-10-06
MG13,Associació de Benestar i Cultura de Ghana de Girona,MG00,Associacions de persones migrades (~35 al registre municipal),forta,documentada,estructural (pertinença/seu/agregador),Associació al registre municipal,https://entitats.salt.cat/directori-entitats/,consulta 2026-10-06
MG14,Associació Camerunes de Girona i Amics,MG00,Associacions de persones migrades (~35 al registre municipal),forta,documentada,estructural (pertinença/seu/agregador),Associació al registre municipal,https://entitats.salt.cat/directori-entitats/,consulta 2026-10-06
MG15,Associació de Magrebins per la Pau,MG00,Associacions de persones migrades (~35 al registre municipal),forta,documentada,estructural (pertinença/seu/agregador),Associació al registre municipal,https://entitats.salt.cat/directori-entitats/,consulta 2026-10-06
MG16,Associació Cultural Al Hilal Girona,MG00,Associacions de persones migrades (~35 al registre municipal),forta,documentada,estructural (pertinença/seu/agregador),Associació al registre municipal,https://entitats.salt.cat/directori-entitats/,consulta 2026-10-06
MG17,Associació de Joves Immigrants del Gironès,MG00,Associacions de persones migrades (~35 al registre municipal),forta,documentada,estructural (pertinença/seu/agregador),Associació al registre municipal,https://entitats.salt.cat/directori-entitats/,consulta 2026-10-06
MG18,Associació per la Repatriació dels Morts,MG00,Associacions de persones migrades (~35 al registre municipal),forta,documentada,estructural (pertinença/seu/agregador),Associació al registre municipal,https://entitats.salt.cat/directori-entitats/,consulta 2026-10-06
X12,"Comunitat marroquina no associada (4.694 persones de nacionalitat marroquina, padró 01/01/2024 segons premsa)",S03,EAP Salt – Direcció (centre CSIR),indirecta,hipòtesi a validar amb l'equip,funcional,Accés de la comunitat marroquina al CAP via mediadors/associacions: a validar,hipòtesi,
X13,"Comunitat hondurenya i llatinoamericana recent (1.690 persones d'Hondures, padró 01/01/2024)",S03,EAP Salt – Direcció (centre CSIR),indirecta,hipòtesi a validar amb l'equip,funcional,Accés de la comunitat hondurenya al CAP: a validar,hipòtesi,
X01,Joves 16-20 sense vincle formatiu ni laboral (incl. retornats i nouvinguts),S03,EAP Salt – Direcció (centre CSIR),sense relació,hipòtesi a validar amb l'equip,funcional,Joves 16-20 desvinculats: sense contacte estructurat amb el CAP (hipòtesi),hipòtesi,
T02,"Casal dels Infants – Salt (COA, CIMS, Dinem Junts/RAI ESO, Casal Familiar/SOAF, Espai Dones, XAT)",S03,EAP Salt – Direcció (centre CSIR),forta,documentada,funcional,"Treball conjunt per a prescripció social, tallers de parentalitat i criança, Espai Salt-ut Dones i Hora del conte saludable (Memòria 2025, p. 22, 29)","Memòria anual Comissió Comunitària EAP Salt 2025 (ICS, document intern)",2026-01 (document intern)
T01,"Càritas Salt (Acollida, CDA, Espai amb Cor, TALC, SIE, Fes+, Proinfància, En Bona Companyia, PATI, Llaços)",S03,EAP Salt – Direcció (centre CSIR),feble,documentada,funcional,"Coordinació amb Càritas per a voluntariat d'acompanyament a gent gran (Memòria 2025, p. 31)","Memòria anual Comissió Comunitària EAP Salt 2025 (ICS, document intern)",2026-01 (document intern)
SS10,"Servei municipal d'Acollida i Ciutadania (Primera acollida, suport lingüístic, assessorament estrangeria)",S03,EAP Salt – Direcció (centre CSIR),forta,documentada,funcional,"Participació a la Taula d'Acollida i grupal de benestar emocional per a persones nouvingudes amb la tècnica d'Acollida (Memòria 2025, p. 8-9, 17, 23)","Memòria anual Comissió Comunitària EAP Salt 2025 (ICS, document intern)",2026-01 (document intern)
C24,Caminants la Massana (des de gener 2025),SS23,Àrea d'Esports (SAFIS – Setmana de l'Activitat Física i la Salut),feble,hipòtesi a validar amb l'equip,funcional,Caminants la Massana en SAFIS: a validar,hipòtesi,
SS23,Àrea d'Esports (SAFIS – Setmana de l'Activitat Física i la Salut),D01,"Clubs esportius de base (Bàsquet Salt, CF Toni Espinal Saltenc, CF Saltenc, Judo, Boxa, Hoquei, Patinatge, EF Ter-Brugent...)",feble,hipòtesi a validar amb l'equip,funcional,Hipòtesi: la llista oficial de col·laboradors de la SAFIS 2026 no inclou cap club de D01 (revisat el 07/10/2026),hipòtesi,
E40,Consell Esportiu del Gironès (Pla Català de l'Esport a l'Escola),D01,"Clubs esportius de base (Bàsquet Salt, CF Toni Espinal Saltenc, CF Saltenc, Judo, Boxa, Hoquei, Patinatge, EF Ter-Brugent...)",feble,hipòtesi a validar amb l'equip,funcional,Clubs i Consell Esportiu: a validar,hipòtesi,
G01,Casal de Jubilats i Simpatitzants de Salt,SS02,"Envelliment Quilòmetre Zero (Pla local, Serveis Socials)",feble,hipòtesi a validar amb l'equip,funcional,Casal de Jubilats com a punt de captació de Envelliment Km 0: a validar,hipòtesi,
G01,Casal de Jubilats i Simpatitzants de Salt,S03,EAP Salt – Direcció (centre CSIR),sense relació,documentada,funcional,"El Casal de Jubilats només apareix al directori de recursos, sense activitat conjunta registrada (Memòria 2025, p. 31)","Memòria anual Comissió Comunitària EAP Salt 2025 (ICS, document intern)",2026-01 (document intern)
S29,"Fundació Les Vetes (residència, centre de dia, SAD)",S14,Equip de suport a residències i pacient crònic complex (projecte CSIR),feble,hipòtesi a validar amb l'equip,funcional,És Les Vetes una de les 2 residències de Salt amb suport de l'EAP? A validar,hipòtesi,
C17,Biblioteca Pública Iu Bohigas i Biblioteca d'en Massagran,SS12,"Programa 'Juguem?' (patis i places, espais lectors, itineraris segurs)",feble,hipòtesi a validar amb l'equip,funcional,Biblioteca i 'espais lectors' de Juguem?: a validar,hipòtesi,
SS21,Oficina de Català de Salt (CPNL),X02,Dones migrades nouvingudes / amb barrera idiomàtica,feble,hipòtesi a validar amb l'equip,funcional,CPNL / cursos de català com a canal d'accés a dones nouvingudes: a validar,hipòtesi,
E07,CREDA de Girona (deficiència auditiva i llenguatge),E00,"Centres educatius de Salt (4 EB/llars, 12 escoles, 1 CEE, 3 instituts)",forta,documentada,funcional,CREDA atén l'alumnat amb sordesa/TEL dels centres,http://www.xtec.cat/serveis/creda/b7900035/,consulta 2026-10-06
C06,Associació de Veïns del Veïnat,C03,Consell de Barri Sector Est (Veïnat),feble,hipòtesi a validar amb l'equip,funcional,Associació veïnal participant a el seu Consell de Barri: a validar,hipòtesi,
C07,Associació de Veïnes i Veïns del Barri Vell,C04,"Consell de Barri Sector Oest (Escriptors, Barri Vell)",feble,hipòtesi a validar amb l'equip,funcional,Associació veïnal participant a el seu Consell de Barri: a validar,hipòtesi,
C08,Associació de Veïns Barri dels Escriptors,C04,"Consell de Barri Sector Oest (Escriptors, Barri Vell)",feble,hipòtesi a validar amb l'equip,funcional,Associació veïnal participant a el seu Consell de Barri: a validar,hipòtesi,
C09,Associació de Veïns de la Massana,C02,"Consell de Barri Sector Sud (Massana, Mas Masó, El Pla, Hospital, Sant Cugat)",feble,hipòtesi a validar amb l'equip,funcional,Associació veïnal participant a el seu Consell de Barri: a validar,hipòtesi,
C20,Mercat Municipal de Salt i Associació de comerciants,S28,Àrea de Salut Pública de l'Ajuntament,sense relació,hipòtesi a validar amb l'equip,funcional,Mercat/comerç sense vincle documentat amb salut pública (oportunitat alimentació saludable),hipòtesi,
S32,COMSalut Salt (2017) – Comissió de Salut del Pla Comunitari,S03,EAP Salt – Direcció (centre CSIR),forta,documentada,funcional,Soci de COMSalut Salt (2017); vigència actual a validar,https://govern.cat/gov/notes-premsa/300120/salt-desplega-el-projecte-comsalut-amb-la-participacio-de-diversos-collectius-socials-de-la-vila,2017
S32,COMSalut Salt (2017) – Comissió de Salut del Pla Comunitari,P01,Ajuntament de Salt – Alcaldia i Ple municipal,forta,documentada,funcional,Soci de COMSalut Salt (2017); vigència actual a validar,https://govern.cat/gov/notes-premsa/300120/salt-desplega-el-projecte-comsalut-amb-la-participacio-de-diversos-collectius-socials-de-la-vila,2017
S32,COMSalut Salt (2017) – Comissió de Salut del Pla Comunitari,P05,Agència de Salut Pública de Catalunya (ASPCAT) – Servei Regional Girona,forta,documentada,funcional,Soci de COMSalut Salt (2017); vigència actual a validar,https://govern.cat/gov/notes-premsa/300120/salt-desplega-el-projecte-comsalut-amb-la-participacio-de-diversos-collectius-socials-de-la-vila,2017
S32,COMSalut Salt (2017) – Comissió de Salut del Pla Comunitari,P11,Consorci de Benestar Social Gironès-Salt (CBSGS),forta,documentada,funcional,Soci de COMSalut Salt (2017); vigència actual a validar,https://govern.cat/gov/notes-premsa/300120/salt-desplega-el-projecte-comsalut-amb-la-participacio-de-diversos-collectius-socials-de-la-vila,2017
S32,COMSalut Salt (2017) – Comissió de Salut del Pla Comunitari,C01,"Pla Comunitari de Salt (comissions, Programació Comunitària Intercultural)",forta,documentada,funcional,Soci de COMSalut Salt (2017); vigència actual a validar,https://govern.cat/gov/notes-premsa/300120/salt-desplega-el-projecte-comsalut-amb-la-participacio-de-diversos-collectius-socials-de-la-vila,2017
S33,Programa Nens en moviment (EAP),S03,EAP Salt – Direcció (centre CSIR),forta,documentada,funcional,Programa en cartera de l'EAP,https://icsgirona.cat/ca/eap-salt,consulta 2026-10-06
S33,Programa Nens en moviment (EAP),S09,"Pediatria i infermeria pediàtrica EAP (Nen sa, vacunes escolars, salut bucodental escoles, 'Nen@s en moviment')",forta,hipòtesi a validar amb l'equip,funcional,Pediatria deriva a Nens en moviment: a validar,hipòtesi,
S34,Punt Jove de Salut / VIP Premium (ApS) – Pla de Salut Jove,SS24,Àrea de Joventut (Pla Local de Joventut 2024-2027; programes VIP 1 i 2),forta,documentada,funcional,Recurs del Pla Local de Joventut 2020-23,https://www.viladesalt.cat/wp-content/uploads/2021/01/PLA_LOCAL_DE_JOVENTUT_2020-23.pdf,2021
S34,Punt Jove de Salut / VIP Premium (ApS) – Pla de Salut Jove,C01,"Pla Comunitari de Salt (comissions, Programació Comunitària Intercultural)",feble,documentada,funcional,Comissió de Salut del Pla Comunitari citada al Pla de Salut Jove,https://www.viladesalt.cat/wp-content/uploads/2021/01/PLA_LOCAL_DE_JOVENTUT_2020-23.pdf,2021
S34,Punt Jove de Salut / VIP Premium (ApS) – Pla de Salut Jove,E00,"Centres educatius de Salt (4 EB/llars, 12 escoles, 1 CEE, 3 instituts)",feble,documentada,funcional,Xerrades en instituts i VIP Premium (ApS),https://www.viladesalt.cat/wp-content/uploads/2021/01/PLA_LOCAL_DE_JOVENTUT_2020-23.pdf,2021
T21,"Associació Milfulles (horts, agroecologia)",C16,Ateneu Popular Coma Cros,forta,documentada,funcional,Hort-jardí Farmàcia Viva Milfulles 'de l'Ateneu' (projecte Som de Salt / Ateneu Coma Cros),https://activosdesalud.com/recurso/show/27641/cat,consulta 2026-10-06
P05,Agència de Salut Pública de Catalunya (ASPCAT) – Servei Regional Girona,T21,"Associació Milfulles (horts, agroecologia)",indirecta,documentada,funcional,Actiu registrat al mapa 'Aquí sí. Actius i salut' de ASPCAT,https://activosdesalud.com/recurso/show/27641/cat | https://salutpublica.gencat.cat/ca/agencia/plans-estrategics/pinsap/accions-eines-projectes-relacionats/actius-salut/,consulta 2026-10-06 | consulta 2026-10-06
S07,Treball Social Sanitari EAP Salt,G02,Associació de Gent Gran Les Bernardes,feble,documentada,funcional,La treballadora social sanitària del CAP utilitza l'Associació de Gent Gran Les Bernardes com a recurs de salut (vincle no formalitzat),"equip EAP Salt (comunicació personal, oct. 2026)",2026-10
S07,Treball Social Sanitari EAP Salt,SS18,Casal Cívic i Comunitari Les Bernardes (Generalitat),feble,documentada,funcional,La treballadora social sanitària del CAP utilitza el Casal Cívic i Comunitari Les Bernardes com a recurs de salut (vincle no formalitzat),"equip EAP Salt (comunicació personal, oct. 2026)",2026-10
S04,Comissió de Salut Comunitària de l'EAP Salt (reactivada 2025),S06,Referents de Benestar Emocional i Comunitari (RBEC) EAP Salt,forta,documentada,funcional,"Perfil membre de la Comissió de Salut Comunitària (Memòria 2025, p. 2)","Memòria anual Comissió Comunitària EAP Salt 2025 (ICS, document intern)",2026-01 (document intern)
S04,Comissió de Salut Comunitària de l'EAP Salt (reactivada 2025),S07,Treball Social Sanitari EAP Salt,forta,documentada,funcional,"Perfil membre de la Comissió de Salut Comunitària (Memòria 2025, p. 2)","Memòria anual Comissió Comunitària EAP Salt 2025 (ICS, document intern)",2026-01 (document intern)
S04,Comissió de Salut Comunitària de l'EAP Salt (reactivada 2025),S08,Programa Salut i Escola (infermeria referent EAP),forta,documentada,funcional,"Perfil membre de la Comissió de Salut Comunitària (Memòria 2025, p. 2)","Memòria anual Comissió Comunitària EAP Salt 2025 (ICS, document intern)",2026-01 (document intern)
S04,Comissió de Salut Comunitària de l'EAP Salt (reactivada 2025),S09,"Pediatria i infermeria pediàtrica EAP (Nen sa, vacunes escolars, salut bucodental escoles, 'Nen@s en moviment')",forta,documentada,funcional,"Perfil membre de la Comissió de Salut Comunitària (Memòria 2025, p. 2)","Memòria anual Comissió Comunitària EAP Salt 2025 (ICS, document intern)",2026-01 (document intern)
S04,Comissió de Salut Comunitària de l'EAP Salt (reactivada 2025),S41,Fisioteràpia APiC – EAP Salt,forta,documentada,funcional,"Perfil membre de la Comissió de Salut Comunitària (Memòria 2025, p. 2)","Memòria anual Comissió Comunitària EAP Salt 2025 (ICS, document intern)",2026-01 (document intern)
S04,Comissió de Salut Comunitària de l'EAP Salt (reactivada 2025),S42,Dietista-nutricionista (D-N) – EAP Salt,forta,documentada,funcional,"Perfil membre de la Comissió de Salut Comunitària (Memòria 2025, p. 2)","Memòria anual Comissió Comunitària EAP Salt 2025 (ICS, document intern)",2026-01 (document intern)
S04,Comissió de Salut Comunitària de l'EAP Salt (reactivada 2025),S43,Odontologia i higiene bucodental – EAP Salt,forta,documentada,funcional,"Perfil membre de la Comissió de Salut Comunitària (Memòria 2025, p. 2)","Memòria anual Comissió Comunitària EAP Salt 2025 (ICS, document intern)",2026-01 (document intern)
S04,Comissió de Salut Comunitària de l'EAP Salt (reactivada 2025),SS26,Taula d'Acollida de Salt,forta,documentada,funcional,"La Comissió participa en aquesta taula de salut comunitària del municipi (Memòria 2025, p. 2)","Memòria anual Comissió Comunitària EAP Salt 2025 (ICS, document intern)",2026-01 (document intern)
S04,Comissió de Salut Comunitària de l'EAP Salt (reactivada 2025),SS27,Taula de petita infància de Salt,forta,documentada,funcional,"La Comissió participa en aquesta taula de salut comunitària del municipi (Memòria 2025, p. 2)","Memòria anual Comissió Comunitària EAP Salt 2025 (ICS, document intern)",2026-01 (document intern)
S04,Comissió de Salut Comunitària de l'EAP Salt (reactivada 2025),SS28,Taula de violència de gènere (VG) de Salt,forta,documentada,funcional,"La Comissió participa en aquesta taula de salut comunitària del municipi (Memòria 2025, p. 2)","Memòria anual Comissió Comunitària EAP Salt 2025 (ICS, document intern)",2026-01 (document intern)
S04,Comissió de Salut Comunitària de l'EAP Salt (reactivada 2025),SS29,Taula de Soledat no volguda de Salt,forta,documentada,funcional,"La Comissió participa en aquesta taula de salut comunitària del municipi (Memòria 2025, p. 2)","Memòria anual Comissió Comunitària EAP Salt 2025 (ICS, document intern)",2026-01 (document intern)
S04,Comissió de Salut Comunitària de l'EAP Salt (reactivada 2025),SS30,Taula FiL de Salt,forta,documentada,funcional,"La Comissió participa en aquesta taula de salut comunitària del municipi (Memòria 2025, p. 2)","Memòria anual Comissió Comunitària EAP Salt 2025 (ICS, document intern)",2026-01 (document intern)
S28,Àrea de Salut Pública de l'Ajuntament,S05,Taula comunitària municipal de Salt (model descentralitzat de l'EAP),forta,documentada,funcional,"La tècnica de Salut de l'Ajuntament convoca la Taula de Salut (Memòria 2025, p. 28)","Memòria anual Comissió Comunitària EAP Salt 2025 (ICS, document intern)",2026-01 (document intern)
S03,EAP Salt – Direcció (centre CSIR),S05,Taula comunitària municipal de Salt (model descentralitzat de l'EAP),forta,documentada,funcional,"Reunió de la Taula de Salut de Salt (setembre 2025) amb la Direcció ABS, RBEC i referents de comunitària (Memòria 2025, p. 12)","Memòria anual Comissió Comunitària EAP Salt 2025 (ICS, document intern)",2026-01 (document intern)
SS16,Mossos d'Esquadra – Comissaria de Salt,S05,Taula comunitària municipal de Salt (model descentralitzat de l'EAP),feble,documentada,funcional,"Els Mossos d'Esquadra (relacions amb la comunitat) participen a les taules de salut (Memòria 2025, p. 33)","Memòria anual Comissió Comunitària EAP Salt 2025 (ICS, document intern)",2026-01 (document intern)
T10,Creu Roja (acompanyament a persones sense llar a Salt),S05,Taula comunitària municipal de Salt (model descentralitzat de l'EAP),feble,documentada,funcional,"Creu Roja participa en taules comunitàries; coordinació per voluntariat i material per a gent gran (Memòria 2025, p. 31)","Memòria anual Comissió Comunitària EAP Salt 2025 (ICS, document intern)",2026-01 (document intern)
SS10,"Servei municipal d'Acollida i Ciutadania (Primera acollida, suport lingüístic, assessorament estrangeria)",SS26,Taula d'Acollida de Salt,forta,documentada,funcional,"Els tècnics d'Acollida de l'Ajuntament convoquen la Taula d'Acollida (Memòria 2025, p. 28)","Memòria anual Comissió Comunitària EAP Salt 2025 (ICS, document intern)",2026-01 (document intern)
S06,Referents de Benestar Emocional i Comunitari (RBEC) EAP Salt,SS26,Taula d'Acollida de Salt,forta,documentada,funcional,"Participació de les RBEC en tres comissions de la Taula d'Acollida (17 sessions el 2025) (Memòria 2025, p. 8-9)","Memòria anual Comissió Comunitària EAP Salt 2025 (ICS, document intern)",2026-01 (document intern)
SS03,"SOAF / SSAF / Materno / Creixem (serveis a famílies i infància, CBSGS)",SS27,Taula de petita infància de Salt,forta,documentada,funcional,"El Servei Materno del CBSGS convoca la Taula de petita infància 0-3 (Memòria 2025, p. 28)","Memòria anual Comissió Comunitària EAP Salt 2025 (ICS, document intern)",2026-01 (document intern)
SS02,"Envelliment Quilòmetre Zero (Pla local, Serveis Socials)",SS29,Taula de Soledat no volguda de Salt,forta,documentada,funcional,"Gent Gran del CBSGS (Pla Local d'Envelliment, Km 0) convoca la Taula de Soledat no volguda (Memòria 2025, p. 28)","Memòria anual Comissió Comunitària EAP Salt 2025 (ICS, document intern)",2026-01 (document intern)
S41,Fisioteràpia APiC – EAP Salt,SS29,Taula de Soledat no volguda de Salt,forta,documentada,funcional,"Fisio APiC, INF i MG participen a la Taula de Soledat no volguda (Memòria 2025, p. 11)","Memòria anual Comissió Comunitària EAP Salt 2025 (ICS, document intern)",2026-01 (document intern)
S06,Referents de Benestar Emocional i Comunitari (RBEC) EAP Salt,SS30,Taula FiL de Salt,forta,documentada,funcional,"Participació d'RBEC i INF al plenari de la Taula FiL (Memòria 2025, p. 8)","Memòria anual Comissió Comunitària EAP Salt 2025 (ICS, document intern)",2026-01 (document intern)
SS02,"Envelliment Quilòmetre Zero (Pla local, Serveis Socials)",S06,Referents de Benestar Emocional i Comunitari (RBEC) EAP Salt,forta,documentada,funcional,"Xerrada al Cicle d'envelliment saludable de l'Ajuntament («Les emocions tenen edat?») (Memòria 2025, p. 11)","Memòria anual Comissió Comunitària EAP Salt 2025 (ICS, document intern)",2026-01 (document intern)
S42,Dietista-nutricionista (D-N) – EAP Salt,S34,Punt Jove de Salut / VIP Premium (ApS) – Pla de Salut Jove,forta,documentada,funcional,"Tallers d'alimentació saludable i de begudes energètiques als VIP's de l'Estació Jove (Memòria 2025, p. 9-10)","Memòria anual Comissió Comunitària EAP Salt 2025 (ICS, document intern)",2026-01 (document intern)
SS24,Àrea de Joventut (Pla Local de Joventut 2024-2027; programes VIP 1 i 2),S04,Comissió de Salut Comunitària de l'EAP Salt (reactivada 2025),forta,documentada,funcional,"Reunió de l'EAP (RBEC i INF) amb l'Ajuntament i les tècniques de Joventut (Memòria 2025, p. 11)","Memòria anual Comissió Comunitària EAP Salt 2025 (ICS, document intern)",2026-01 (document intern)
SS23,Àrea d'Esports (SAFIS – Setmana de l'Activitat Física i la Salut),S41,Fisioteràpia APiC – EAP Salt,forta,documentada,funcional,"SAFIS: «Pedala per la teva salut» i «L'oca saludable» (Dia Mundial de la Salut, al Mercat de Salt) (Memòria 2025, p. 10)","Memòria anual Comissió Comunitària EAP Salt 2025 (ICS, document intern)",2026-01 (document intern)
C20,Mercat Municipal de Salt i Associació de comerciants,S41,Fisioteràpia APiC – EAP Salt,feble,documentada,funcional,"El Mercat de Salt acull «L'oca saludable» del Dia Mundial de la Salut (Memòria 2025, p. 10)","Memòria anual Comissió Comunitària EAP Salt 2025 (ICS, document intern)",2026-01 (document intern)
T02,"Casal dels Infants – Salt (COA, CIMS, Dinem Junts/RAI ESO, Casal Familiar/SOAF, Espai Dones, XAT)",S06,Referents de Benestar Emocional i Comunitari (RBEC) EAP Salt,forta,documentada,funcional,"Taller de son infantil al Casal dels Infants; Espai Salt-ut Dones i Hora del conte saludable (Memòria 2025, p. 11, 22)","Memòria anual Comissió Comunitària EAP Salt 2025 (ICS, document intern)",2026-01 (document intern)
T02,"Casal dels Infants – Salt (COA, CIMS, Dinem Junts/RAI ESO, Casal Familiar/SOAF, Espai Dones, XAT)",S42,Dietista-nutricionista (D-N) – EAP Salt,forta,documentada,funcional,"Taller al Casal dels Infants i Espai Salt-ut Dones (Memòria 2025, p. 11, 22)","Memòria anual Comissió Comunitària EAP Salt 2025 (ICS, document intern)",2026-01 (document intern)
T02,"Casal dels Infants – Salt (COA, CIMS, Dinem Junts/RAI ESO, Casal Familiar/SOAF, Espai Dones, XAT)",S41,Fisioteràpia APiC – EAP Salt,forta,documentada,funcional,"Taller d'higiene postural al Casal dels Infants i Espai Salt-ut Dones (Memòria 2025, p. 11-12, 22)","Memòria anual Comissió Comunitària EAP Salt 2025 (ICS, document intern)",2026-01 (document intern)
SS08,SIAD Gironès-Salt (informació i atenció a les dones),S06,Referents de Benestar Emocional i Comunitari (RBEC) EAP Salt,forta,documentada,funcional,"El SIAD coorganitza l'Espai Salt-ut Dones (grupal setmanal obert) (Memòria 2025, p. 22)","Memòria anual Comissió Comunitària EAP Salt 2025 (ICS, document intern)",2026-01 (document intern)
SS03,"SOAF / SSAF / Materno / Creixem (serveis a famílies i infància, CBSGS)",S06,Referents de Benestar Emocional i Comunitari (RBEC) EAP Salt,forta,documentada,funcional,"El SOAF participa a l'Hora del conte saludable (Memòria 2025, p. 22)","Memòria anual Comissió Comunitària EAP Salt 2025 (ICS, document intern)",2026-01 (document intern)
C17,Biblioteca Pública Iu Bohigas i Biblioteca d'en Massagran,S06,Referents de Benestar Emocional i Comunitari (RBEC) EAP Salt,forta,documentada,funcional,"Les biblioteques de Salt col·laboren a l'Hora del conte saludable (Memòria 2025, p. 22, 29)","Memòria anual Comissió Comunitària EAP Salt 2025 (ICS, document intern)",2026-01 (document intern)
SS18,Casal Cívic i Comunitari Les Bernardes (Generalitat),S06,Referents de Benestar Emocional i Comunitari (RBEC) EAP Salt,forta,documentada,funcional,"El Casal Cívic cedeix espais: Compartim Salut, grup de benestar emocional per a persones nouvingudes (Memòria 2025, p. 17, 22, 29)","Memòria anual Comissió Comunitària EAP Salt 2025 (ICS, document intern)",2026-01 (document intern)
SS18,Casal Cívic i Comunitari Les Bernardes (Generalitat),S42,Dietista-nutricionista (D-N) – EAP Salt,forta,documentada,funcional,"Grup Famílies saludables i Escola d'esquena al Casal Cívic Les Bernardes (Memòria 2025, p. 20, 22)","Memòria anual Comissió Comunitària EAP Salt 2025 (ICS, document intern)",2026-01 (document intern)
SS18,Casal Cívic i Comunitari Les Bernardes (Generalitat),S41,Fisioteràpia APiC – EAP Salt,forta,documentada,funcional,"Escola d'esquena al Casal Cívic Les Bernardes (Memòria 2025, p. 22)","Memòria anual Comissió Comunitària EAP Salt 2025 (ICS, document intern)",2026-01 (document intern)
T27,Comunitats contra l'aïllament,SS18,Casal Cívic i Comunitari Les Bernardes (Generalitat),forta,documentada,funcional,"Comunitats contra l'aïllament i el Casal Cívic donen continuïtat al grup de dones amb soledat no volguda iniciat pel CAP (Memòria 2025, p. 31)","Memòria anual Comissió Comunitària EAP Salt 2025 (ICS, document intern)",2026-01 (document intern)
T27,Comunitats contra l'aïllament,S06,Referents de Benestar Emocional i Comunitari (RBEC) EAP Salt,forta,documentada,funcional,"Compartim Salut (grupal setmanal obert) amb el Centre Cívic i Comunitats contra l'aïllament (Memòria 2025, p. 22)","Memòria anual Comissió Comunitària EAP Salt 2025 (ICS, document intern)",2026-01 (document intern)
SS10,"Servei municipal d'Acollida i Ciutadania (Primera acollida, suport lingüístic, assessorament estrangeria)",S06,Referents de Benestar Emocional i Comunitari (RBEC) EAP Salt,forta,documentada,funcional,"Grupal de benestar emocional per a persones nouvingudes amb la tècnica d'Acollida (Memòria 2025, p. 17, 23)","Memòria anual Comissió Comunitària EAP Salt 2025 (ICS, document intern)",2026-01 (document intern)
T03,"Associació VINCLE (mediació, Xarxa Tallers amb Famílies, dinamització AFA, assessorament estrangeria)",S06,Referents de Benestar Emocional i Comunitari (RBEC) EAP Salt,forta,documentada,funcional,"Tallers per a mares i dones nouvingudes (hàbits saludables i gestió emocional) amb Vincle (Memòria 2025, p. 30)","Memòria anual Comissió Comunitària EAP Salt 2025 (ICS, document intern)",2026-01 (document intern)
SS13,Punt de Voluntariat de Salt,S06,Referents de Benestar Emocional i Comunitari (RBEC) EAP Salt,feble,documentada,funcional,"El Punt de Voluntariat aporta la voluntària de l'Hora del conte i suport a la prescripció social (Memòria 2025, p. 30)","Memòria anual Comissió Comunitària EAP Salt 2025 (ICS, document intern)",2026-01 (document intern)
T04,"Associació Socioeducativa Nou Sol (Reforça't, Apodera't, Espai Jove)",S06,Referents de Benestar Emocional i Comunitari (RBEC) EAP Salt,feble,documentada,funcional,"Treball conjunt amb Nou Sol en prescripció social i grupals per a joves (Memòria 2025, p. 30)","Memòria anual Comissió Comunitària EAP Salt 2025 (ICS, document intern)",2026-01 (document intern)
T06,"Fundació SER.GI (Porta d'Accés, InSalt)",S06,Referents de Benestar Emocional i Comunitari (RBEC) EAP Salt,forta,documentada,funcional,"Treball conjunt amb la Fundació SER.GI: prescripció social i coordinació de casos (Memòria 2025, p. 30)","Memòria anual Comissió Comunitària EAP Salt 2025 (ICS, document intern)",2026-01 (document intern)
C30,"Equipaments juvenils: Estació Jove (PIJ), Fàbrica Jove, Satèl·lit Jove",S06,Referents de Benestar Emocional i Comunitari (RBEC) EAP Salt,feble,documentada,funcional,"Estació Jove i Fàbrica Jove: prescripció social, tallers i grupals per a joves (Memòria 2025, p. 29)","Memòria anual Comissió Comunitària EAP Salt 2025 (ICS, document intern)",2026-01 (document intern)
S30,EUSES – Escola Universitària de la Salut i l'Esport,S42,Dietista-nutricionista (D-N) – EAP Salt,forta,documentada,funcional,"Grupal «Cuidem-nos» amb EUSES (Memòria 2025, p. 10, 19)","Memòria anual Comissió Comunitària EAP Salt 2025 (ICS, document intern)",2026-01 (document intern)
S11,Educació maternal / atenció a la salut sexual i reproductiva (llevadores EAP-ASSIR),S06,Referents de Benestar Emocional i Comunitari (RBEC) EAP Salt,forta,documentada,funcional,"Grups multifamiliars pre i postpart (ASSIR i RBEC) i grupal de climateri (Memòria 2025, p. 16-17)","Memòria anual Comissió Comunitària EAP Salt 2025 (ICS, document intern)",2026-01 (document intern)
S11,Educació maternal / atenció a la salut sexual i reproductiva (llevadores EAP-ASSIR),S02,CAP Salt 2 – Alfons Moré i Paretas,forta,documentada,funcional,"Els grups multifamiliars pre i postpart es fan al CAP Salt 2 (Memòria 2025, p. 16)","Memòria anual Comissió Comunitària EAP Salt 2025 (ICS, document intern)",2026-01 (document intern)
S06,Referents de Benestar Emocional i Comunitari (RBEC) EAP Salt,S02,CAP Salt 2 – Alfons Moré i Paretas,forta,documentada,funcional,"Grups de gestió emocional i ansietat i de millora del son al CAP Salt 2 (Memòria 2025, p. 16-17)","Memòria anual Comissió Comunitària EAP Salt 2025 (ICS, document intern)",2026-01 (document intern)
S16,Hospital Santa Caterina (IAS) – Parc Hospitalari Martí i Julià,S06,Referents de Benestar Emocional i Comunitari (RBEC) EAP Salt,feble,documentada,funcional,"Grupal de climateri a l'Hospital Santa Caterina (edifici Til·lers) (Memòria 2025, p. 17)","Memòria anual Comissió Comunitària EAP Salt 2025 (ICS, document intern)",2026-01 (document intern)
S17,CSMIJ Gironès-Pla de l'Estany (IAS),S04,Comissió de Salut Comunitària de l'EAP Salt (reactivada 2025),forta,documentada,funcional,"Grupal per a famílies amb fills amb diagnòstic TEA conduïda per una psicòloga del CSMIJ (Memòria 2025, p. 24)","Memòria anual Comissió Comunitària EAP Salt 2025 (ICS, document intern)",2026-01 (document intern)
T28,"Activa't per la Salut Mental (Espai Situa't, GAM)",S19,Programa de Col·laboració amb Primària (PCP) – salut mental,feble,documentada,funcional,"GAM de continuïtat del grup de fibromiàlgia a través del PCP (Memòria 2025, p. 34)","Memòria anual Comissió Comunitària EAP Salt 2025 (ICS, document intern)",2026-01 (document intern)
T17,Fundació Oncolliga Girona / AECC Catalunya contra el Càncer,S03,EAP Salt – Direcció (centre CSIR),feble,documentada,funcional,"Treball col·laboratiu Ajuntament–AECC–CAP en prevenció secundària del càncer colorectal (Memòria 2025, p. 31)","Memòria anual Comissió Comunitària EAP Salt 2025 (ICS, document intern)",2026-01 (document intern)
T17,Fundació Oncolliga Girona / AECC Catalunya contra el Càncer,P01,Ajuntament de Salt – Alcaldia i Ple municipal,feble,documentada,funcional,"Treball col·laboratiu Ajuntament–AECC–CAP en prevenció secundària del càncer colorectal (Memòria 2025, p. 31)","Memòria anual Comissió Comunitària EAP Salt 2025 (ICS, document intern)",2026-01 (document intern)
S44,EPAC Mutuam – equip psicològic d'atenció a la cronicitat,S01,CAP Salt 1 – Jordi Nadal i Fàbregas,forta,documentada,funcional,"EPAC Mutuam té presència al CAP Salt 1 (Memòria 2025, p. 32)","Memòria anual Comissió Comunitària EAP Salt 2025 (ICS, document intern)",2026-01 (document intern)
P05,Agència de Salut Pública de Catalunya (ASPCAT) – Servei Regional Girona,S06,Referents de Benestar Emocional i Comunitari (RBEC) EAP Salt,feble,documentada,funcional,"Mediadores culturals de Salut Pública (7 h setmanals) identificades com a recurs (Memòria 2025, p. 28)","Memòria anual Comissió Comunitària EAP Salt 2025 (ICS, document intern)",2026-01 (document intern)
T01,"Càritas Salt (Acollida, CDA, Espai amb Cor, TALC, SIE, Fes+, Proinfància, En Bona Companyia, PATI, Llaços)",S04,Comissió de Salut Comunitària de l'EAP Salt (reactivada 2025),feble,documentada,funcional,"Coordinació amb Càritas per a voluntariat d'acompanyament a gent gran (Memòria 2025, p. 31)","Memòria anual Comissió Comunitària EAP Salt 2025 (ICS, document intern)",2026-01 (document intern)
MG19,Associació Wakkilare (dones d'origen africà),S06,Referents de Benestar Emocional i Comunitari (RBEC) EAP Salt,feble,documentada,funcional,"Associació inclosa al directori de prescripció social de l'EAP (sense activitat conjunta registrada) (Memòria 2025, p. 32)","Memòria anual Comissió Comunitària EAP Salt 2025 (ICS, document intern)",2026-01 (document intern)
T29,Psicoxarxa – Col·legi Oficial de Psicologia de Girona,S06,Referents de Benestar Emocional i Comunitari (RBEC) EAP Salt,feble,documentada,funcional,"Recurs del directori de prescripció social de l'EAP (Memòria 2025, p. 33)","Memòria anual Comissió Comunitària EAP Salt 2025 (ICS, document intern)",2026-01 (document intern)
S06,Referents de Benestar Emocional i Comunitari (RBEC) EAP Salt,E34,"Institut Vallvera (ESO, Batx., CFGM, CFGS)",forta,documentada,funcional,"PSiE Institut Vallvera: tallers de gestió emocional i prevenció de TCA (Memòria 2025, p. 14)","Memòria anual Comissió Comunitària EAP Salt 2025 (ICS, document intern)",2026-01 (document intern)
S42,Dietista-nutricionista (D-N) – EAP Salt,E34,"Institut Vallvera (ESO, Batx., CFGM, CFGS)",forta,documentada,funcional,"PSiE Institut Vallvera: tallers d'alimentació saludable i prevenció de TCA (Memòria 2025, p. 14)","Memòria anual Comissió Comunitària EAP Salt 2025 (ICS, document intern)",2026-01 (document intern)
S06,Referents de Benestar Emocional i Comunitari (RBEC) EAP Salt,E33,"Institut Salvador Sunyer i Aimeric (ESO, Batx., CFGM)",forta,documentada,funcional,"PSiE Institut Salvador Sunyer i Aimeric: tallers d'autoestima i d'estrès i ansietat (Memòria 2025, p. 14)","Memòria anual Comissió Comunitària EAP Salt 2025 (ICS, document intern)",2026-01 (document intern)
S42,Dietista-nutricionista (D-N) – EAP Salt,E33,"Institut Salvador Sunyer i Aimeric (ESO, Batx., CFGM)",forta,documentada,funcional,"PSiE Institut Salvador Sunyer i Aimeric: tallers d'alimentació saludable i begudes (Memòria 2025, p. 14)","Memòria anual Comissió Comunitària EAP Salt 2025 (ICS, document intern)",2026-01 (document intern)
S06,Referents de Benestar Emocional i Comunitari (RBEC) EAP Salt,E32,"Institut Salvador Espriu (ESO, Batx., CFGM)",forta,documentada,funcional,"Programa «Henka – Escoles resilients» a l'Institut Salvador Espriu (únic centre de l'ABS) (Memòria 2025, p. 14)","Memòria anual Comissió Comunitària EAP Salt 2025 (ICS, document intern)",2026-01 (document intern)
S43,Odontologia i higiene bucodental – EAP Salt,E27,Escola Pia de Salt (concertada),forta,documentada,funcional,"Tallers de raspallada a l'escola (higiene bucodental) (Memòria 2025, p. 14)","Memòria anual Comissió Comunitària EAP Salt 2025 (ICS, document intern)",2026-01 (document intern)
S43,Odontologia i higiene bucodental – EAP Salt,E26,Escola Silvestre Santaló (pública),forta,documentada,funcional,"Tallers de raspallada a l'escola (higiene bucodental) (Memòria 2025, p. 14)","Memòria anual Comissió Comunitària EAP Salt 2025 (ICS, document intern)",2026-01 (document intern)
S43,Odontologia i higiene bucodental – EAP Salt,E20,Escola El Pla (pública),forta,documentada,funcional,"Tallers de raspallada a l'escola (higiene bucodental) (Memòria 2025, p. 14)","Memòria anual Comissió Comunitària EAP Salt 2025 (ICS, document intern)",2026-01 (document intern)
S43,Odontologia i higiene bucodental – EAP Salt,E23,Escola Les Arrels (pública),forta,documentada,funcional,"Tallers de raspallada a l'escola (higiene bucodental) (Memòria 2025, p. 14)","Memòria anual Comissió Comunitària EAP Salt 2025 (ICS, document intern)",2026-01 (document intern)
S06,Referents de Benestar Emocional i Comunitari (RBEC) EAP Salt,X02,Dones migrades nouvingudes / amb barrera idiomàtica,forta,documentada,funcional,"Grupals de benestar emocional per a persones nouvingudes i per a dones amb fills escolaritzats; tallers per a dones nouvingudes amb Vincle (Memòria 2025, p. 17, 30)","Memòria anual Comissió Comunitària EAP Salt 2025 (ICS, document intern)",2026-01 (document intern)
S03,EAP Salt – Direcció (centre CSIR),S26,"Unitat Trànsit Girona (ICS, Regió Sanitària Girona)",forta,documentada,funcional,La Unitat Trànsit atén tota la RS Girona; s'hi accedeix per derivació de medicina de família o pediatria d'atenció primària,https://icsgirona.cat/ca/atencio-la-persona-transgenere,consulta 2026-10-07
P01,Ajuntament de Salt – Alcaldia i Ple municipal,S31,"Campus de Salut (sector Sud, projecte)",forta,documentada,funcional,L'Ajuntament va aprovar provisionalment el pla del sector Sud on anirà el Campus de Salut (ple de maig de 2025),https://pam.viladesalt.cat/pam-2023-2027/salt-mira-al-futur-progres-economic-i-creixement/planificacio-urbanistica/desenvolupament-del-sector-sud/aprovar-la-cessio-dels-terrenys,consulta 2026-10-07
SS20,Oficina de Treball de Salt (SOC) + CIFO Salt,SS19,Espai Municipal d'Ocupació (EMO) + Referents d'Ocupació Juvenil,forta,documentada,funcional,El tauler d'ofertes de l'EMO inclou ofertes de l'Oficina de Treball de Salt,https://emo.viladesalt.cat/ofertes_feina/,consulta 2026-10-07
E14,Aprenentatge i Servei (ApS) a Salt,E32,"Institut Salvador Espriu (ESO, Batx., CFGM)",forta,documentada,funcional,Projecte ApS de 3r d'ESO de l'Institut Salvador Espriu al Centre de Dia Les Bernardes (juny de 2026),https://agora.xtec.cat/iessalvadorespriu-salt/eso/eso-3/aprenentatge-i-servei-entre-generacions-al-centre-de-dia-les-bernardes-de-salt-amb-alumnat-deso3/,consulta 2026-10-07
E14,Aprenentatge i Servei (ApS) a Salt,S34,Punt Jove de Salut / VIP Premium (ApS) – Pla de Salut Jove,forta,documentada,funcional,El Pla de Salut Jove fa servir l'ApS; VIP Premium és el projecte ApS de salut comunitària jove,https://pam.viladesalt.cat/els-plans-de-salt/pla-local-de-joventut-de-salt-2020-2023,consulta 2026-10-07
E36,PFI – Programes de Formació i Inserció (5 a Salt),E32,"Institut Salvador Espriu (ESO, Batx., CFGM)",forta,documentada,funcional,"L'Institut Salvador Espriu imparteix els PFI d'Instal·lacions electrotècniques i, des del curs 2025-26, d'Activitats esportives",https://agora.xtec.cat/iessalvadorespriu-salt/categoria/pfi-ptt/,consulta 2026-10-07
E36,PFI – Programes de Formació i Inserció (5 a Salt),E27,Escola Pia de Salt (concertada),forta,documentada,funcional,L'Escola Pia de Salt ofereix PFI (preinscripció 2026-27),https://salt.escolapia.cat/preinscripcions-pfi/,consulta 2026-10-07
E38,"UOC, UNED i ERAM (Factoria Coma Cros)",C18,"Factoria Cultural Coma Cros, El Canal, Teatre de Salt, Museu de l'Aigua, La Mirona",forta,documentada,estructural (pertinença/seu/agregador),"L'Escola Universitària ERAM és a la Factoria Cultural Coma Cros (C/ Sant Antoni, 1)",https://educacio.viladesalt.cat/faq-items/centres-educatius/,consulta 2026-10-07
C03,Consell de Barri Sector Est (Veïnat),C18,"Factoria Cultural Coma Cros, El Canal, Teatre de Salt, Museu de l'Aigua, La Mirona",forta,documentada,estructural (pertinença/seu/agregador),El Consell de Barri del Veïnat (19/05/2026) es va fer a l'Auditori de la Factoria Cultural Coma Cros,https://www.canalajuntament.cat/article/lajuntament-de-salt-reactiva-els-consells-de-barri-per-impulsar-la-participacio-ciutadana-4260,consulta 2026-10-07
T07,"Fundació Gentis (inserció laboral, formació ocupacional)",SS19,Espai Municipal d'Ocupació (EMO) + Referents d'Ocupació Juvenil,forta,documentada,funcional,"Gentis va coorganitzar amb l'EMO de Salt i la Diputació la 1a jornada ""Busco Feina!"" a la Coma Cros (maig de 2025)",https://www.gentis.org/gentis-participa-en-la-primera-jornada-de-busco-feina-coma-cros-de-salt/,consulta 2026-10-07
P07,Diputació de Girona,T07,"Fundació Gentis (inserció laboral, formació ocupacional)",forta,documentada,funcional,Subvenció de la Diputació de Girona (exp. 2024/5813) per a un centre integral d'orientació per a col·lectius en risc a Salt,https://www.gentis.org/la-nostra-entitat-rep-una-subvencio-de-la-diputacio-de-girona-per-a-la-reforma-dun-centre-integral-dorientacio-educativa-i-professional-per-a-collectius-en-risc-a-salt/,consulta 2026-10-07
T07,"Fundació Gentis (inserció laboral, formació ocupacional)",SS20,Oficina de Treball de Salt (SOC) + CIFO Salt,forta,documentada,funcional,Gentis és agència col·laboradora del SOC i agència de col·locació a Salt,https://www.gentis.org/serveis/orientacio-treball-gentis/,consulta 2026-10-07
SS13,Punt de Voluntariat de Salt,T12,Fundació Support-Girona (suport a persones amb discapacitat),feble,documentada,funcional,Fitxa de la Fundació Support-Girona al catàleg d'entitats del Punt de Voluntariat de Salt,https://puntvoluntariat.viladesalt.cat/empresa/fundacio-support-girona/,consulta 2026-10-07
SS13,Punt de Voluntariat de Salt,T19,Fundació Esclerosi Múltiple (FEM) i Associació de Donants de Sang / Federació Catalana de Donants,feble,documentada,funcional,Fitxes de la FEM i de l'Associació de Donants de Sang al Punt de Voluntariat,https://puntvoluntariat.viladesalt.cat/empresa/fem/,consulta 2026-10-07
SS13,Punt de Voluntariat de Salt,C26,Agrupament Escoltes i Guies Can Tona / Agrupament Escolta Sant Cugat,feble,documentada,funcional,Fitxa de l'Agrupament Escolta i Guia Can Tona al Punt de Voluntariat,https://puntvoluntariat.viladesalt.cat/empresa/agrupament-escolta-i-guia-can-tona/,consulta 2026-10-07
SS13,Punt de Voluntariat de Salt,C29,"Colla Castellera Marrecs de Salt, Diables d'en Pere Botero, Banda del Rec, Coral Tribana i altres entitats culturals",feble,documentada,funcional,Fitxes dels Diables d'en Pere Botero i de La Banda del Rec al Punt de Voluntariat,https://puntvoluntariat.viladesalt.cat/empresa/diables-den-pere-botero/,consulta 2026-10-07
T25,Cooperativa Avancem Santa Clara (empresa d'inserció),SS19,Espai Municipal d'Ocupació (EMO) + Referents d'Ocupació Juvenil,forta,documentada,funcional,Avancem Santa Clara va participar a la sessió participativa ESS (21/10/2024) del Pla d'Economia Social i Solidària; document publicat per l'EMO,https://emo.viladesalt.cat/wp-content/uploads/2025/10/Marc-Accions-ESS-Salt-2024_informe.pdf,consulta 2026-10-07
T25,Cooperativa Avancem Santa Clara (empresa d'inserció),T02,"Casal dels Infants – Salt (COA, CIMS, Dinem Junts/RAI ESO, Casal Familiar/SOAF, Espai Dones, XAT)",feble,documentada,funcional,Avancem Santa Clara i el Casal dels Infants van coincidir a la mateixa sessió d'entitats ESS (21/10/2024),https://emo.viladesalt.cat/wp-content/uploads/2025/10/Marc-Accions-ESS-Salt-2024_informe.pdf,consulta 2026-10-07
T26,Fundació Utopia / Fundació Resilis,T13,"Acciona't (voluntariat, Plataforma Educativa)",forta,documentada,estructural (pertinença/seu/agregador),"Utopia i Resilis són entitats del Grup Plataforma Educativa (correus del directori municipal amb domini plataformaeducativa.org/resilis.org), igual que Acciona't",https://entitats.salt.cat/entitat/fundaci%c2%a2-privada-utopia/,consulta 2026-10-07
C12,Federació d'Entitats Socio-Culturals de Salt,C16,Ateneu Popular Coma Cros,forta,documentada,funcional,La Federació d'Entitats Socioculturals coordina Som de Salt i té secció pròpia al web de l'Ateneu Popular,https://www.ateneusalt.cat/ca/qui-som1.html,consulta 2026-10-07
C12,Federació d'Entitats Socio-Culturals de Salt,T05,Associació DOTA – Dones per la formació,forta,documentada,funcional,"DOTA participa activament a Som de Salt, coordinat per la Federació",https://www.ateneusalt.cat/ca/qui-som1.html,consulta 2026-10-07
C12,Federació d'Entitats Socio-Culturals de Salt,T04,"Associació Socioeducativa Nou Sol (Reforça't, Apodera't, Espai Jove)",forta,documentada,funcional,"NouSol participa activament a Som de Salt, coordinat per la Federació",https://www.ateneusalt.cat/ca/qui-som1.html,consulta 2026-10-07
C15,Espai Som Salt (antic Tramuntana) i Local de Barri Guimerà 76,SS12,"Programa 'Juguem?' (patis i places, espais lectors, itineraris segurs)",forta,documentada,funcional,Juguem? dinamitza el pati del Som Salt,https://juguem.viladesalt.cat/juguem-als-patis-i-a-les-places-2/ | https://www.diaridegirona.cat/girona/2023/12/13/s-acaba-segona-fase-d-95796710.html,consulta 2026-10-07
C15,Espai Som Salt (antic Tramuntana) i Local de Barri Guimerà 76,C26,Agrupament Escoltes i Guies Can Tona / Agrupament Escolta Sant Cugat,forta,documentada,funcional,L'ampliació del Som Salt (2023) havia de permetre que el Cau de Can Tona hi traslladés tota la seva activitat,https://www.diaridegirona.cat/girona/2023/12/13/s-acaba-segona-fase-d-95796710.html,consulta 2026-10-07
C15,Espai Som Salt (antic Tramuntana) i Local de Barri Guimerà 76,P11,Consorci de Benestar Social Gironès-Salt (CBSGS),forta,documentada,funcional,"Una sala del Som Salt acull el servei ""Minuts menuts"" (canguratge 0-3) del Consorci de Benestar Social Gironès-Salt",https://www.diaridegirona.cat/girona/2023/12/13/s-acaba-segona-fase-d-95796710.html,consulta 2026-10-07
P07,Diputació de Girona,C19,Casa de Cultura Les Bernardes / Les Bernardes Espai de Cultura Contemporània,forta,documentada,estructural (pertinença/seu/agregador),"""La Casa de la Cultura de les Bernardes de la Diputació de Girona"" (notícia al web de Les Bernardes, 2026)",https://www.bernardes.cat/,consulta 2026-10-07
C22,Centre comercial Espai Gironès,S27,Xarxa de farmàcies comunitàries de Salt (14 oficines),feble,documentada,estructural (pertinença/seu/agregador),"Una de les 14 farmàcies de Salt és al Camí dels Carlins, 10 (local 1.47, Espai Gironès)",https://www.cofgi.org/farmacies/directori-de-farmacies,consulta 2026-10-07
C22,Centre comercial Espai Gironès,D01,"Clubs esportius de base (Bàsquet Salt, CF Toni Espinal Saltenc, CF Saltenc, Judo, Boxa, Hoquei, Patinatge, EF Ter-Brugent...)",forta,documentada,funcional,L'Espai Gironès renova el conveni de patrocini amb el Club Bàsquet Salt (quarta temporada),https://totsalt.cat/lespai-girones-renova-el-suport-al-club-basquet-salt-amb-un-nou-conveni/,consulta 2026-10-07
C29,"Colla Castellera Marrecs de Salt, Diables d'en Pere Botero, Banda del Rec, Coral Tribana i altres entitats culturals",C16,Ateneu Popular Coma Cros,feble,documentada,funcional,La Colla Castellera Marrecs de Salt i els Diables d'en Pere Botero figuren a la Comuteca (directori d'entitats) de l'Ateneu Popular,https://www.ateneusalt.cat/ca/entitats.html,consulta 2026-10-07
P01,Ajuntament de Salt – Alcaldia i Ple municipal,D03,UFEC – Piscina coberta municipal i Salt Gimnàstic Club,forta,documentada,funcional,"La Piscina Coberta Municipal (inaugurada el 2004) la gestiona la Unió de Federacions Esportives de Catalunya (UFEC), segons la pàgina del Servei d'Esports de l'Ajuntament",https://www.viladesalt.cat/arees-serveis/area-de-serveis-a-les-persones/servei-desports/,consulta 2026-10-07
P01,Ajuntament de Salt – Alcaldia i Ple municipal,D05,Frodeno Fundació (Pump Track Salt),forta,documentada,funcional,Pump Track construït per la Fundació Frodeno en conveni amb l'Ajuntament de Salt (2021),https://educacio.viladesalt.cat/pla-educatiu-de-salt/projectes-educatius/acollida-i-proposta-formativa-docents-2/,consulta 2026-10-07
E02,Pla Educatiu d'Entorn de Salt (des de 2005; projecte marc 2026),D05,Frodeno Fundació (Pump Track Salt),forta,documentada,funcional,El Pump Track figura entre els projectes educatius del Pla Educatiu de Salt,https://educacio.viladesalt.cat/pla-educatiu-de-salt/projectes-educatius/acollida-i-proposta-formativa-docents-2/,consulta 2026-10-07
M03,Associació Veus de Dones Fluides,SS22,Ràdio Salt (emisora municipal),forta,documentada,funcional,"Veus de Dones Fluides fa el programa ""Veus de Dones"" a Ràdio Salt (97.7), dijous a les 17 h i diumenge a les 12 h",https://veusdedones.cat/,consulta 2026-10-07
M04,Associació Dones de Demba Kunda a Catalunya,MG00,Associacions de persones migrades (~35 al registre municipal),forta,documentada,estructural (pertinença/seu/agregador),Associació d'immigració inscrita al Registre d'Associacions amb domicili a Salt,https://xeu.cat/associacio-dones-de-demba-kunda-a-catalunya/,consulta 2026-10-07
R06,Centro Islámico Imam Malik,MG15,Associació de Magrebins per la Pau,forta,documentada,estructural (pertinença/seu/agregador),La comunitat Imam Malik la van constituir Magrebins per la Pau i l'Associació Cultural Al-Hilal per construir la mesquita,https://www.ara.cat/societat/mesquita-salt-obre-portes_1_1851441.html | https://www.europapress.es/catalunya/noticia-comunidad-islamica-salt-estrena-nueva-mezquita-ilusion-20150705114656.html,consulta 2026-10-07
R06,Centro Islámico Imam Malik,MG16,Associació Cultural Al Hilal Girona,forta,documentada,estructural (pertinença/seu/agregador),Ídem: Al-Hilal és una de les dues entitats promotores,https://www.ara.cat/societat/mesquita-salt-obre-portes_1_1851441.html | https://www.europapress.es/catalunya/noticia-comunidad-islamica-salt-estrena-nueva-mezquita-ilusion-20150705114656.html,consulta 2026-10-07
AF13,AMPA Mare de Déu del Roser,E30,FEDAC Dominiques de Salt (concertada),forta,documentada,estructural (pertinença/seu/agregador),AMPA de l'escola FEDAC Dominiques de Salt (mateix correu),https://entitats.salt.cat/entitat/ampa-mare-de-d%c2%82u-del-roser/ | https://educacio.viladesalt.cat/faq-items/centres-educatius/,consulta 2026-10-07
C24,Caminants la Massana (des de gener 2025),C09,Associació de Veïns de la Massana,forta,documentada,funcional,L'AV de la Massana va organitzar el primer aniversari de Caminants la Massana (1/02/2026),https://www.diaridegirona.cat/girona/2026/02/02/els-caminants-massana-celebren-primer-126360112.html,consulta 2026-10-07
P01,Ajuntament de Salt – Alcaldia i Ple municipal,C23,CONFAVC – projecte A-Porta (desplegat a Salt des de des. 2025),forta,documentada,funcional,Conveni CONFAVC–Ajuntament de Salt–Departament de Drets Socials per desplegar A-Porta (desembre de 2025),https://confavc.cat/noticies/aportaasalt/,consulta 2026-10-07
P09,Generalitat – Departament de Drets Socials i Inclusió,C23,CONFAVC – projecte A-Porta (desplegat a Salt des de des. 2025),forta,documentada,funcional,Ídem (conveni amb el Departament de Drets Socials i Inclusió),https://confavc.cat/noticies/aportaasalt/,consulta 2026-10-07
C23,CONFAVC – projecte A-Porta (desplegat a Salt des de des. 2025),C05,Consell de Barri Sector Centre,forta,documentada,funcional,"A-Porta treballa al barri Centre (plaça Gaudí, Greco, Marquès de Camps, Àngel Guimerà, Pacheco...) i vol reactivar-hi l'associació de veïns",https://www.diaridegirona.cat/girona/2026/07/28/confavc-impulsa-creacio-despais-comunitaris-132879965.html,consulta 2026-10-07
P12,Consell Comarcal del Gironès,P11,Consorci de Benestar Social Gironès-Salt (CBSGS),forta,documentada,estructural (pertinença/seu/agregador),El CBS Gironès-Salt és organisme vinculat al Consell Comarcal del Gironès,https://www.girones.cat/,consulta 2026-10-07
C02,"Consell de Barri Sector Sud (Massana, Mas Masó, El Pla, Hospital, Sant Cugat)",S30,EUSES – Escola Universitària de la Salut i l'Esport,forta,documentada,estructural (pertinença/seu/agregador),El Consell de Barri Sud (7/07/2026) es va fer a l'EUSES,https://www.linkedin.com/posts/ajuntament-de-salt_salt-bondiasalt-viusalt-activity-7480169266063851522-JYli,consulta 2026-10-07
SS11,"Àrea d'Acció Social i Ciutadania (Salt Activa 365, Juguem?)",T30,"ANNCON Lleure i Oci SL (Juguem? – mediació i monitoratge, des de 2024)",forta,documentada,funcional,Adjudicació del servei de mediació i monitoratge de Juguem? (19/07/2024),https://contratos.gobierto.es/licitaciones/4450347,consulta 2026-10-07
SS25,"Àrea de Cultura (biblioteques, Coma Cros, El Canal, Museu de l'Aigua, Teatre)",E37,Escola Municipal de Belles Arts / Aula Tradi / Escola de Música Moderna (audicions),forta,documentada,funcional,"L'Escola Municipal de Belles Arts (EMBA, Mas Llorenç) apareix a la pàgina de l'Àrea de Cultura de l'Ajuntament (EMBA@salt.cat)",https://www.viladesalt.cat/arees-serveis/area-de-serveis-a-les-persones/cultura-2/,consulta 2026-10-07
P01,Ajuntament de Salt – Alcaldia i Ple municipal,C21,Federació Unió d'Empresaris de Salt,forta,documentada,funcional,La ComerÇiada a Salt (2025) la coordina la Federació Unió d'Empresaris de Salt amb el suport de l'Ajuntament (àrea de Desenvolupament Local),https://www.infosalt.cat/salt-se-suma-un-any-mes-a-la-comerciada-amb-34-comercos-saltencs-que-hi-participen/,consulta 2026-10-07
C23,CONFAVC – projecte A-Porta (desplegat a Salt des de des. 2025),SS19,Espai Municipal d'Ocupació (EMO) + Referents d'Ocupació Juvenil,forta,documentada,funcional,L'Espai Municipal d'Ocupació (EMO) va ajudar a seleccionar els vuit picaportes d'A-Porta,https://www.infosalt.cat/el-projecte-a-porta-de-salt-ajuda-140-families-a-palliar-la-vulnerabilitat-energetica/,consulta 2026-10-07
C23,CONFAVC – projecte A-Porta (desplegat a Salt des de des. 2025),SS26,Taula d'Acollida de Salt,forta,documentada,funcional,Des de l'Ajuntament es va facilitar el contacte dels picaportes amb la Taula d'Acollida,https://www.infosalt.cat/el-projecte-a-porta-de-salt-ajuda-140-families-a-palliar-la-vulnerabilitat-energetica/,consulta 2026-10-07
C23,CONFAVC – projecte A-Porta (desplegat a Salt des de des. 2025),SS11,"Àrea d'Acció Social i Ciutadania (Salt Activa 365, Juguem?)",forta,documentada,funcional,A-Porta s'implementa a Salt amb un conveni entre la CONFAVC i l'Àrea d'Acció Social i Ciutadania,https://www.infosalt.cat/el-projecte-a-porta-de-salt-ajuda-140-families-a-palliar-la-vulnerabilitat-energetica/ | https://www.diaridegirona.cat/girona/2026/03/12/projecte-veinal-porta-salt-ajuda-127875084.html,consulta 2026-10-07
C23,CONFAVC – projecte A-Porta (desplegat a Salt des de des. 2025),T11,Associació Valentes i Acompanyades (matrimonis forçats),forta,documentada,funcional,L'associació 'Valentes i acompanyades' va assistir al 2n Comitè de Seguiment d'A-porta Salt (17/07/2026),https://confavc.cat/noticies/citizen-doors_salt/,consulta 2026-10-07
C23,CONFAVC – projecte A-Porta (desplegat a Salt des de des. 2025),S03,EAP Salt – Direcció (centre CSIR),feble,documentada,funcional,Les metgesses del CAP van assistir al 2n Comitè de Seguiment d'A-porta Salt (17/07/2026),https://confavc.cat/noticies/citizen-doors_salt/,consulta 2026-10-07
E42,Coordinadora d'AFA de Salt,E43,Salt'Educa – Plataforma per l'educació a Salt,feble,documentada,estructural (pertinença/seu/agregador),La Coordinadora d'AMPAs de Salt figura entre les entitats adherides a la Plataforma Salt'Educa,https://salteduca.org/quisom.html,consulta 2026-10-07
AF03,AMPA Escola El Gegant del Rec,E43,Salt'Educa – Plataforma per l'educació a Salt,feble,documentada,estructural (pertinença/seu/agregador),"La seva AMPA figura entre les AMPA adherides a Salt'Educa (Les Arrels, El Veïnat, Les Deveses, El Gegant del Rec, La Farga, Silvestre Santaló; instituts Salvador Espriu i Salvador Sunyer)",https://salteduca.org/quisom.html,consulta 2026-10-07
AF04,AMPA Escola La Farga,E43,Salt'Educa – Plataforma per l'educació a Salt,feble,documentada,estructural (pertinença/seu/agregador),"La seva AMPA figura entre les AMPA adherides a Salt'Educa (Les Arrels, El Veïnat, Les Deveses, El Gegant del Rec, La Farga, Silvestre Santaló; instituts Salvador Espriu i Salvador Sunyer)",https://salteduca.org/quisom.html,consulta 2026-10-07
AF05,AMPA Escola Les Deveses,E43,Salt'Educa – Plataforma per l'educació a Salt,feble,documentada,estructural (pertinença/seu/agregador),"La seva AMPA figura entre les AMPA adherides a Salt'Educa (Les Arrels, El Veïnat, Les Deveses, El Gegant del Rec, La Farga, Silvestre Santaló; instituts Salvador Espriu i Salvador Sunyer)",https://salteduca.org/quisom.html,consulta 2026-10-07
AF06,AMPA Escola El Veïnat,E43,Salt'Educa – Plataforma per l'educació a Salt,feble,documentada,estructural (pertinença/seu/agregador),"La seva AMPA figura entre les AMPA adherides a Salt'Educa (Les Arrels, El Veïnat, Les Deveses, El Gegant del Rec, La Farga, Silvestre Santaló; instituts Salvador Espriu i Salvador Sunyer)",https://salteduca.org/quisom.html,consulta 2026-10-07
AF08,AFA Escola Les Arrels,E43,Salt'Educa – Plataforma per l'educació a Salt,feble,documentada,estructural (pertinença/seu/agregador),"La seva AMPA figura entre les AMPA adherides a Salt'Educa (Les Arrels, El Veïnat, Les Deveses, El Gegant del Rec, La Farga, Silvestre Santaló; instituts Salvador Espriu i Salvador Sunyer)",https://salteduca.org/quisom.html,consulta 2026-10-07
AF11,AMPA Escola Silvestre Santaló,E43,Salt'Educa – Plataforma per l'educació a Salt,feble,documentada,estructural (pertinença/seu/agregador),"La seva AMPA figura entre les AMPA adherides a Salt'Educa (Les Arrels, El Veïnat, Les Deveses, El Gegant del Rec, La Farga, Silvestre Santaló; instituts Salvador Espriu i Salvador Sunyer)",https://salteduca.org/quisom.html,consulta 2026-10-07
AF14,AMPA IES Salvador Espriu,E43,Salt'Educa – Plataforma per l'educació a Salt,feble,documentada,estructural (pertinença/seu/agregador),"La seva AMPA figura entre les AMPA adherides a Salt'Educa (Les Arrels, El Veïnat, Les Deveses, El Gegant del Rec, La Farga, Silvestre Santaló; instituts Salvador Espriu i Salvador Sunyer)",https://salteduca.org/quisom.html,consulta 2026-10-07
AF15,AMPA Institut Salvador Sunyer,E43,Salt'Educa – Plataforma per l'educació a Salt,feble,documentada,estructural (pertinença/seu/agregador),"La seva AMPA figura entre les AMPA adherides a Salt'Educa (Les Arrels, El Veïnat, Les Deveses, El Gegant del Rec, La Farga, Silvestre Santaló; instituts Salvador Espriu i Salvador Sunyer)",https://salteduca.org/quisom.html,consulta 2026-10-07
T01,"Càritas Salt (Acollida, CDA, Espai amb Cor, TALC, SIE, Fes+, Proinfància, En Bona Companyia, PATI, Llaços)",E43,Salt'Educa – Plataforma per l'educació a Salt,feble,documentada,estructural (pertinença/seu/agregador),Càritas Salt figura entre les entitats adherides a la Plataforma Salt'Educa,https://salteduca.org/quisom.html,consulta 2026-10-07
T02,"Casal dels Infants – Salt (COA, CIMS, Dinem Junts/RAI ESO, Casal Familiar/SOAF, Espai Dones, XAT)",E43,Salt'Educa – Plataforma per l'educació a Salt,feble,documentada,estructural (pertinença/seu/agregador),Casal dels Infants figura entre les entitats adherides a la Plataforma Salt'Educa,https://salteduca.org/quisom.html,consulta 2026-10-07
T06,"Fundació SER.GI (Porta d'Accés, InSalt)",E43,Salt'Educa – Plataforma per l'educació a Salt,feble,documentada,estructural (pertinença/seu/agregador),Fundació SER.GI figura entre les entitats adherides a la Plataforma Salt'Educa,https://salteduca.org/quisom.html,consulta 2026-10-07
T07,"Fundació Gentis (inserció laboral, formació ocupacional)",E43,Salt'Educa – Plataforma per l'educació a Salt,feble,documentada,estructural (pertinença/seu/agregador),Fundació Gentis figura entre les entitats adherides a la Plataforma Salt'Educa,https://salteduca.org/quisom.html,consulta 2026-10-07
T11,Associació Valentes i Acompanyades (matrimonis forçats),E43,Salt'Educa – Plataforma per l'educació a Salt,feble,documentada,estructural (pertinença/seu/agregador),Associació Valentes i Acompanyades figura entre les entitats adherides a la Plataforma Salt'Educa,https://salteduca.org/quisom.html,consulta 2026-10-07
C26,Agrupament Escoltes i Guies Can Tona / Agrupament Escolta Sant Cugat,E43,Salt'Educa – Plataforma per l'educació a Salt,feble,documentada,estructural (pertinença/seu/agregador),Agrupaments Escoltes Sant Cugat i Can Tona figura entre les entitats adherides a la Plataforma Salt'Educa,https://salteduca.org/quisom.html,consulta 2026-10-07
E01,Àrea d'Educació / OME (Oficina Municipal d'Escolarització),AF10,AMPA Escola Pompeu Fabra,forta,documentada,funcional,"L'AFA Pompeu Fabra va rebre el 2024 la subvenció municipal per a AFA (819,76 EUR). El PES 2025-2027 manté la línia de suport a les AFA",https://ampapompeufabrasalt.cat/images/actas/20241017_Acta_Junta.pdf | https://seu-e.cat/documents/28465/6288886/PES+2025_2027/8553abc1-03b7-40cd-a211-771abfd748f9,consulta 2026-10-07
S03,EAP Salt – Direcció (centre CSIR),SS23,Àrea d'Esports (SAFIS – Setmana de l'Activitat Física i la Salut),feble,documentada,funcional,L'ABS Salt figura entre els col·laboradors de les SAFIS 2026 i dinamitza l'activitat 'Pedala per la teva salut',https://www.viladesalt.cat/wp-content/uploads/2026/03/LLIBRET-PROGRAMA-SAFIS-digital.pdf,consulta 2026-10-07
S30,EUSES – Escola Universitària de la Salut i l'Esport,SS23,Àrea d'Esports (SAFIS – Setmana de l'Activitat Física i la Salut),feble,documentada,funcional,EUSES (col·laboradora; alumnes de dansa) a les SAFIS 2026,https://www.viladesalt.cat/wp-content/uploads/2026/03/LLIBRET-PROGRAMA-SAFIS-digital.pdf,consulta 2026-10-07
E32,"Institut Salvador Espriu (ESO, Batx., CFGM)",SS23,Àrea d'Esports (SAFIS – Setmana de l'Activitat Física i la Salut),feble,documentada,funcional,Institut Salvador Espriu (alumnes de CFGM de Guia en el Medi Natural dinamitzen activitats) a les SAFIS 2026,https://www.viladesalt.cat/wp-content/uploads/2026/03/LLIBRET-PROGRAMA-SAFIS-digital.pdf,consulta 2026-10-07
C16,Ateneu Popular Coma Cros,SS23,Àrea d'Esports (SAFIS – Setmana de l'Activitat Física i la Salut),feble,documentada,funcional,Ateneu Popular de Salt (organitza activitats) a les SAFIS 2026,https://www.viladesalt.cat/wp-content/uploads/2026/03/LLIBRET-PROGRAMA-SAFIS-digital.pdf,consulta 2026-10-07
T21,"Associació Milfulles (horts, agroecologia)",SS23,Àrea d'Esports (SAFIS – Setmana de l'Activitat Física i la Salut),feble,documentada,funcional,Associació Milfulles (hort Milfulles de l'Ateneu) a les SAFIS 2026,https://www.viladesalt.cat/wp-content/uploads/2026/03/LLIBRET-PROGRAMA-SAFIS-digital.pdf,consulta 2026-10-07
C20,Mercat Municipal de Salt i Associació de comerciants,SS23,Àrea d'Esports (SAFIS – Setmana de l'Activitat Física i la Salut),feble,documentada,funcional,Mercat Municipal de Salt (col·laborador) a les SAFIS 2026,https://www.viladesalt.cat/wp-content/uploads/2026/03/LLIBRET-PROGRAMA-SAFIS-digital.pdf,consulta 2026-10-07
C06,Associació de Veïns del Veïnat,SS23,Àrea d'Esports (SAFIS – Setmana de l'Activitat Física i la Salut),feble,documentada,funcional,"Associació de Veïns del Veïnat (organitza ""Mou-te amb el veïnat!"") a les SAFIS 2026",https://www.viladesalt.cat/wp-content/uploads/2026/03/LLIBRET-PROGRAMA-SAFIS-digital.pdf,consulta 2026-10-07
C22,Centre comercial Espai Gironès,SS23,Àrea d'Esports (SAFIS – Setmana de l'Activitat Física i la Salut),feble,documentada,funcional,Centre Comercial Espai Gironès (col·laborador) a les SAFIS 2026,https://www.viladesalt.cat/wp-content/uploads/2026/03/LLIBRET-PROGRAMA-SAFIS-digital.pdf,consulta 2026-10-07
T18,Associació de Fibromiàlgia de Salt,SS23,Àrea d'Esports (SAFIS – Setmana de l'Activitat Física i la Salut),feble,documentada,funcional,Associació de Fibromiàlgia de Salt (organitza sessions) a les SAFIS 2026,https://www.viladesalt.cat/wp-content/uploads/2026/03/LLIBRET-PROGRAMA-SAFIS-digital.pdf,consulta 2026-10-07
E40,Consell Esportiu del Gironès (Pla Català de l'Esport a l'Escola),SS23,Àrea d'Esports (SAFIS – Setmana de l'Activitat Física i la Salut),feble,documentada,funcional,"Consell Esportiu del Gironès (programa ""Activitat Física de Dipsalut"" i activitat escolar) a les SAFIS 2026",https://www.viladesalt.cat/wp-content/uploads/2026/03/LLIBRET-PROGRAMA-SAFIS-digital.pdf,consulta 2026-10-07
S29,"Fundació Les Vetes (residència, centre de dia, SAD)",SS23,Àrea d'Esports (SAFIS – Setmana de l'Activitat Física i la Salut),feble,documentada,funcional,"Fundació Les Vetes (comissió d'envelliment actiu, circuit sènior) a les SAFIS 2026",https://www.viladesalt.cat/wp-content/uploads/2026/03/LLIBRET-PROGRAMA-SAFIS-digital.pdf,consulta 2026-10-07
SS18,Casal Cívic i Comunitari Les Bernardes (Generalitat),SS23,Àrea d'Esports (SAFIS – Setmana de l'Activitat Física i la Salut),feble,documentada,funcional,Casal Cívic i Comunitari Les Bernardes (comissió d'envelliment actiu) a les SAFIS 2026,https://www.viladesalt.cat/wp-content/uploads/2026/03/LLIBRET-PROGRAMA-SAFIS-digital.pdf,consulta 2026-10-07
E34,"Institut Vallvera (ESO, Batx., CFGM, CFGS)",SS23,Àrea d'Esports (SAFIS – Setmana de l'Activitat Física i la Salut),feble,documentada,funcional,Institut Vallvera (alumnes de cicle d'atenció a persones en situació de dependència al circuit sènior) a les SAFIS 2026,https://www.viladesalt.cat/wp-content/uploads/2026/03/LLIBRET-PROGRAMA-SAFIS-digital.pdf,consulta 2026-10-07
P11,Consorci de Benestar Social Gironès-Salt (CBSGS),SS23,Àrea d'Esports (SAFIS – Setmana de l'Activitat Física i la Salut),feble,documentada,funcional,CBS Gironès-Salt (col·laborador) a les SAFIS 2026,https://www.viladesalt.cat/wp-content/uploads/2026/03/LLIBRET-PROGRAMA-SAFIS-digital.pdf,consulta 2026-10-07
T01,"Càritas Salt (Acollida, CDA, Espai amb Cor, TALC, SIE, Fes+, Proinfància, En Bona Companyia, PATI, Llaços)",SS23,Àrea d'Esports (SAFIS – Setmana de l'Activitat Física i la Salut),feble,documentada,funcional,Càritas Salt (organitza una activitat a l'Espai amb Cor) a les SAFIS 2026,https://www.viladesalt.cat/wp-content/uploads/2026/03/LLIBRET-PROGRAMA-SAFIS-digital.pdf,consulta 2026-10-07
T02,"Casal dels Infants – Salt (COA, CIMS, Dinem Junts/RAI ESO, Casal Familiar/SOAF, Espai Dones, XAT)",SS23,Àrea d'Esports (SAFIS – Setmana de l'Activitat Física i la Salut),feble,documentada,funcional,Casal dels Infants (organitza una activitat) a les SAFIS 2026,https://www.viladesalt.cat/wp-content/uploads/2026/03/LLIBRET-PROGRAMA-SAFIS-digital.pdf,consulta 2026-10-07
SS12,"Programa 'Juguem?' (patis i places, espais lectors, itineraris segurs)",SS23,Àrea d'Esports (SAFIS – Setmana de l'Activitat Física i la Salut),feble,documentada,funcional,"Juguem? - Patis i Places (cursa d'obstacles ""Correm?"") a les SAFIS 2026",https://www.viladesalt.cat/wp-content/uploads/2026/03/LLIBRET-PROGRAMA-SAFIS-digital.pdf,consulta 2026-10-07
SS02,"Envelliment Quilòmetre Zero (Pla local, Serveis Socials)",SS23,Àrea d'Esports (SAFIS – Setmana de l'Activitat Física i la Salut),feble,documentada,funcional,Pla d'envelliment quilòmetre zero (comissió organitzadora del circuit sènior) a les SAFIS 2026,https://www.viladesalt.cat/wp-content/uploads/2026/03/LLIBRET-PROGRAMA-SAFIS-digital.pdf,consulta 2026-10-07
SS17,Centre de Recursos de la Gent Gran (municipal),SS23,Àrea d'Esports (SAFIS – Setmana de l'Activitat Física i la Salut),feble,documentada,funcional,Centre de Recursos de la Gent Gran (comissió d'envelliment actiu; punt de sortida de la marxa nòrdica) a les SAFIS 2026,https://www.viladesalt.cat/wp-content/uploads/2026/03/LLIBRET-PROGRAMA-SAFIS-digital.pdf,consulta 2026-10-07
SS24,Àrea de Joventut (Pla Local de Joventut 2024-2027; programes VIP 1 i 2),SS23,Àrea d'Esports (SAFIS – Setmana de l'Activitat Física i la Salut),feble,documentada,funcional,Salt Jove (organitza una activitat sobre relacions tòxiques) a les SAFIS 2026,https://www.viladesalt.cat/wp-content/uploads/2026/03/LLIBRET-PROGRAMA-SAFIS-digital.pdf,consulta 2026-10-07
C17,Biblioteca Pública Iu Bohigas i Biblioteca d'en Massagran,SS23,Àrea d'Esports (SAFIS – Setmana de l'Activitat Física i la Salut),feble,documentada,funcional,Biblioteca Iu Bohigas (aparador d'escriptura terapèutica) a les SAFIS 2026,https://www.viladesalt.cat/wp-content/uploads/2026/03/LLIBRET-PROGRAMA-SAFIS-digital.pdf,consulta 2026-10-07
T17,Fundació Oncolliga Girona / AECC Catalunya contra el Càncer,SS23,Àrea d'Esports (SAFIS – Setmana de l'Activitat Física i la Salut),feble,documentada,funcional,Associació contra el Càncer de Girona i Salt (sessions de promoció de la salut) a les SAFIS 2026,https://www.viladesalt.cat/wp-content/uploads/2026/03/LLIBRET-PROGRAMA-SAFIS-digital.pdf,consulta 2026-10-07
C28,Associació No al Racisme Salt-Girona,C12,Federació d'Entitats Socio-Culturals de Salt,forta,documentada,funcional,"L'Associació No al Racisme de Girona i Salt i la Federació d'Entitats Socioculturals de Salt, juntament amb altres entitats, van presentar un recurs d'empara al TC (febrer de 2026)",https://www.vilaweb.cat/noticies/recorren-al-tc-per-la-infiltracio-duna-agent-en-moviments-socials-de-girona/,consulta 2026-10-07
